6,还没用，等用了再来追评吧,,,
18,太小，一个胶囊都装不下。,,,
22,本来是看中沁园的牌子买了这个净水龙头，装上以后自来水的原水TDS值205，净水的TDS值变成212，用了几天测还是这样，那我装上个净水龙头有啥用,,,
30,，有生姜味，但数码条被其他的粘住了,,,
45,与图片效果不同，布是棉的，不是丝织品，不诱惑,,,
47,要得要得要得,,,
65,不是想要的颜色。。。。。,,,
68,根本没有包装，也没用保鲜膜泡沫什么的包一下，箱子里面都是沐浴露,,,
81,好的不要不要的,,,
82,A通快递差差差,,,
95,还没试用不知好不好本来是299结果给我开发票只开了800其他都还可以用过在来评价,,,
105,实物比想象中大多了,,,
110,连个加热器都不带 怎么用 差差差,,,
116,买来放着备用，拆拆水管什么的,,,
117,(?&acute;з(&acute;&omega;`*)?世界和平,,,
139,用了几天才来评价，机子没问题！奔姐生意兴隆！[追评],,,
150,我申请了发票的，为什么没有给我寄发票在里面,,,
151,还没使用，不知效果怎么样！,,,
154,一点用都没有，就一盏灯,,,
156,么有任何感觉,,,
169,就是有点缩水,,,
179,噪音太大！实在太大！非常想退货，但不知道瓶子装上去以后还能不能退？！,,,
195,和在商场买的是一样的,,,
208,年前买的**，过了2月**,,,
213,没有资源没什么用，我都两个了。,,,
219,用了两次就没咋用，和香皂一起买了3样，那两个没效果就没用了,,,
226,是等会员那张开门店名次日哦,,,
230,辣鸡线，,,,
231,(*??*,,,
232,元旦的价格不及本月11号的抢购，有点让人心寒，多花二百大洋，哎，东东同学，你是咋想的，是想告诉我们所谓促销日都是假象吗？,,,
233,我就问一句，什么时候来装？？水管根本接不上！！客服什么态度！！竟然挂电话，客服号1575的女彪子,,,
235,买完还有邮递，就降价。我去,,,
239,一直这种的，但这次的到六月份就到期了，买了两瓶怕是用不完了,,,
250,我买的美的三冂冰霜订购价*，送到收了我*，这是什么意思呢？,,,
253,一般见识？,,,
254,吹热风，,,,
264,这个使用后没有任何效果！丢角落了,,,
271,刚吃不知道效果怎么样，商家发的邮局快递慢死了,,,
278,感觉太大了,,,
281,很辣u哈哈哈加油及啊就啊就啊就啊就啊,,,
286,噪音太大！！！,,,
288,是我期待中的样子,,,
290,。。。。。。。。。,,,
300,只有瓶子一半的量。。。。。,,,
302,有点儿噪音，,,,
303,哈哈哈哈哈哈哈哈哈哈哈哈哈,,,
306,不吸水，毛巾小,,,
313,一股酒精味 赠品一股酒精味,,,
317,商品外包装没有挤出洗发水的喷头,,,
329,这次买的不如意！！！！,,,
338,质量比39那款感觉要好。,,,
345,给女朋友买的，她说好，那就是真的好,,,
353,没有送,,,
358,我有齐腰长发，洗后头发不再像干草。,,,
359,%%%%%%%%%%%%%%%%%%%%%%%%%%%%%%%%%%,,,
368,面积太小,,,
390,带了配件剪毛  就剪不下来了,,,
403,还没用,,,
404,不建议购买。,,,
411,没送，为什么没送？,,,
438,怎么这么多评价啊，弄半天也没有完,,,
450,晨光（M&amp;G）HAGR0231 筒装中性笔芯0.35mm 12支装 黑色外壳颜色随机,,,
451,还没用了半个月，彻底拜拜了，也是醉了。</br>,,,
453,不知道是不是纯蜂蜜，不结晶。,,,
460,现在未用，用了再评,,,
465,&hellip;&hellip;&hellip;&hellip;&hellip;&hellip;&hellip;&hellip;&hellip;&hellip;&hellip;&hellip;&hellip;,,,
473,今天刚收到，还没用，用后追评。,,,
499,看看..........................,,,
503,没有发货给我。骗子。,,,
506,每天早上的早餐就蒸蛋,,,
508,是一种颜色银色，为婆婆一起为婆婆自我热一下破哦,,,
521,暂时未用，只是看着包装评价。送到时，外包盒是两头开口，取出商品是，盒子不成样子。没有封口，产自德国。不知道怎么看生产日期？,,,
524,。手机买了半个月充电器头没用了。叫客服给我换，一开始还会理我。现在。呵呵。笑了。辣。。鸡店铺,,,
534,这个真心不怎么的就，，，，，,,,
538,第二次购买了，一分钱一分货。,,,
545,没什么用。还会搓泥。,,,
548,第一次试用着不太习惯，还有点漏水,,,
558,具体的效果还没看到，再等等吧！,,,
561,还没用，用了在来吧,,,
566,我根本就没签收，东西都没看到,,,
567,洗不走的………………,,,
569,老牌子了，家里一直用这个牌子,,,
584,年轻的时候在用，现在只能是用来怀念了，那时候化妆品作用真是不大,,,
596,了吗来了吗来了吗嗯，,,,
607,能充上电呵呵有需要会再来的,,,
621,我是真的好像都江堰水利工程一,,,
624,老妈想要大屏，就买了，才不是SNH48.,,,
632,镜片上有个黑点！！！还是擦不掉的。,,,
646,没有外包装，不能确定是否为新品,,,
687,太阳雨,,,
688,小、,,,
691,发票在哪里,,,
699,待用中！！！,,,
703,恍恍惚惚恍恍惚惚恍恍惚惚,,,
710,没什么心得我不用不知道什么感觉,,,
711,哎  我在怀疑你那三颗按钮是装饰品  并没有什么卵用,,,
714,帮别人下单的，不知效果如何,,,
720,本了给客服沟通要求换颜色，也答应换了，结果收到货还是没换来,,,
726,就一个锁，也没附带的那毛巾，还有个啥？,,,
736,内存卡放手机里面没有反应， 不知道是怎么回事,,,
766,配送一推再推，都半个月了还未发货。,,,
767,.....mmm,,,
768,什么情况都没收到货,,,
771,老牌子！！信价比高！！！,,,
773,一个字....  大,,,
782,风力不是特别大，声音有点儿大,,,
784,暂时还没发现缺点哦,,,
789,上面线头特别多。不知道是赶的太急还是怎么了。有的口就没缝住。,,,
790,是从哪里来的时候我就不想再去看了一个个公主,,,
795,护发素和发膜不能一起用的，产品图片误导顾客。,,,
797,说风大的你们都是逗比吧，这还风大，你家是真没有电扇啊～,,,
820,不想评价了,,,
843,什么鬼东西，居然割脖子，你们自己没试过吗？睡得着吗卖这种东西？,,,
871,很亮白，就是不知道成份是否安全。,,,
875,奶粉居然是2011年5月份的，都过去一年多了,,,
878,[追评]不是?，是！！！,,,
880,跟从日本买的不一样，从颜色到味道都不一样，没法传图片,,,
882,yonglemeiduojiujiuhuaile,,,
913,看啊可能out LOMO wwww呜呜呜呜呜呜呜呜呜呜呜呜呜呜呜呜呜呜呜呜呜呜呜呜呜呜呜,,,
917,十一块买的呢！！！！！！！,,,
932,是啊哈哈,,,
942,记得发票,,,
944,睡觉的时候用应该会把我熏死吧。。。。感觉里面像掺了辣椒味一样的呛人。。。。,,,
965,实物和照片差距也太大了吧？这到底是不是一件东西？,,,
968,就那样！买家看着办,,,
977,吸力有点小！,,,
982,122,,,
987,排风口的拆不下来了,,,
1007,货我收到了质量真的很不错服务态度也很好颜色也很漂亮价格也很实惠值得我们大家一买,,,
1012,&hellip;&hellip;&hellip;&hellip;&hellip;&hellip;&hellip;&hellip;&hellip;&hellip;&hellip;&hellip;&hellip;&hellip;&hellip;&hellip;,,,
1034,肯定是仿制品，湿脚，一点不透气，建议大家不要再上当。,,,
1037,隐隐约约隐隐约约有雨雨,,,
1038,还没使用 不知道&hellip;&hellip;&hellip;&hellip;&hellip;&hellip;,,,
1040,现在还没有使用，相信美的的产品,,,
1046,用了几天乳头有疼痛感，怀疑有激素，请商家解释一下。,,,
1048,。。。。。。。。。。。........,,,
1054,好像买的时候没看到什么优惠吧，货到后看到时买一送一（送了一盒50毫升的）,,,
1063,风扇mini，叶片更小，基本无风，得贴脸用。买时运费5元，退换货运费要8元，*元的商品而已。供后者参考,,,
1071,黑头没出来，皮撕掉了,,,
1072,买不到一个月就开裂了！！！,,,
1079,buzhadixxxxxxxxxxxx,,,
1088,根本没有化妆棉，骗子,,,
1089,没用没用没用太多了,,,
1091,乳液压不出来，我直接倒出来的?,,,
1097,声音小,,,
1108,*,,,
1123,充电的时候一直吱吱响 不知道怎么回事,,,
1130,比预想的要好，就是风有点小！,,,
1143,！！！！！！,,,
1149,东西就用了两天，第三天就歇菜了，一次性的玩意，大家别上当受骗了！,,,
1155,看下面评论，有跟我一样到件挡板弯掉的情况，到底是你们运输造成的还是生产造成的？很想换货,,,
1166,上当了简直就没风？？？,,,
1170,。？。。？？。东汉灭付钱啊,,,
1173,不说什么了,,,
1179,种了几种了，有二种一个芽没发，有三种发了芽，但是跟图片上的植物完全不一样呢，不像多肉植物,,,
1196,第一次购，囤货,,,
1209,电话卡发动机（！的：就%地方回合肥,,,
1216,用了一段时间，感觉没有说的哪种效果。,,,
1223,还没看呢，不知道怎么样,,,
1227,没发票,,,
1238,戴上也不见开桃花运,,,
1244,没用的，蟑螂一只都没死！,,,
1256,风扇太小了，那能有多大的风,,,
1284,一直在用，有一点香味,,,
1286,就值*,,,
1293,风量真的好小,,,
1298,昨天用了，比商场里买的稀多了。不知道为什么,,,
1309,不想乱作评价，只想说，以后类似化妆品打死也不在这儿买了。,,,
1324,@小柠檬 手机已收到！玩不了几分钟手机就有点发烫,,,
1329,连续用了 四瓶了， 每瓶与35升油混合，没发现什么效果， 还有人说用多了反而伤油路与发动机，不知道真假，用完六瓶看看,,,
1338,滋润度不够，没什么效果，也没什么香味，总之这个价位买这个产品一点都不划算,,,
1347,[追评]我购了但是机器的门锁经常锁不上，后来退货了，但是拉走一个星期了到现在都还没有退款，每天催客服，客服只是会道歉，说店家要走流程，这是什么鬼流程要走这么久？从来没有买东西买得这么受气的。,,,
1352, 中了魅族的毒，其他手机压根不考虑，自己上门提的货，只想说下台手机pro8[追评],,,
1356,[追评]买第三部了，没出现任何问题,,,
1365,声音有点大，动静大了点,,,
1367,色差那么大,,,
1369,给妈妈买的，把妈妈双手解放了。,,,
1384,比想象的小，不过是自己没看容量了,,,
1402,还没细看，但有几处印刷错误。,,,
1408,感觉洗的不是很彻底。。。,,,
1421,没有标注生产日期，这是为什么？,,,
1430,和安慰剂一个感觉，摸了和没摸没什么区别。。。,,,
1432,gcjhdfhdfhusdhudhuwdh,,,
1438,什么玩意，*元都嫌贵，哎，上当了，就当给他们买药吃算了！,,,
1439,正在使用中。。。。。,,,
1441,不能确定是纯牛皮的,,,
1444,连着站上去五次，每次体重都不一样，醉了,,,
1450,有点小费劲才能插上无线结头,,,
1452,老人用惯了，不习惯用滚筒的,,,
1463,给朋友买的，朋友反应有重启的现象，不知道大家有没有遇到过。,,,
1468,***多就这样,,,
1496,xxxxx,,,
1500,加冰水、冰种也没什么冷风效果。,,,
1517,读都读不出来，送的东西没好的,,,
1519,?&hellip;&hellip;、、、一,,,
1522,毛用没有，大家都别上当啊,,,
1537,跟图片还是有差距的。,,,
1538,全都起霉了，骗子。京东就是这样服务的吗？,,,
1539,一一道来一一道来一一道来,,,
1542,属于故障机,,,
1545,怎么把马油精华弄没了，只有马油霜,,,
1554,不大好哦,,,
1564,没玩记下就发热了   只有充电器  整机,,,
1596,螺纹只能旋1/4圈，拧在UV镜上后拆不下来了。,,,
1600,gjgdhhfchju,,,
1602,给女朋友的，好喜欢,,,
1604,这是胶做的！,,,
1606,单位买的，还没有开始使用,,,
1614,紧身裤，裤腿有点小，可能只有29码的裤腿,,,
1617,耳机一买过来就脱塞?,,,
1622,脱胶，一件变三件，路途中突然分体，差点扎到脚。香精也弄得前面全是。,,,
1624,升级后装的app都不见，而且安装app根本使用不了，这怎么使用？,,,
1628,还没打开看   不晓得怎么样,,,
1636,一点都没有用,,,
1660,什么玩意取消,,,
1675,:刚到还没试用,,,
1688,给朋友买的  不知道怎么样,,,
1693,根本没送,,,
1695,期待产品的效果，不要让我变成宋小宝&hellip;&hellip;,,,
1708,给压坏了。。还没用呢。不过是自己原因。。跟货物没关系。。。。,,,
1717,大家千万别买买回来就是坏的出厂前不检查嘛难道等师傅安装等到半夜十点多也没来客服更垃圾什么也不懂小伙伴们千万别买一颗星都不想给,,,
1720,现在感觉苏宁服务赶超***，卖的货都是最新，***好多货都是老的，,,,
1737,用了后没多大效果。。。,,,
1738,货回来质地特别稠，瓶身没有质量安全认证,,,
1744,**客服，问什么不回什么，还非得让跟京东买手机壳,,,
1747,反反复复反复发,,,
1753,就给两星吧      买四条三天穿了一两个月了怎么裤裆还会痒痒的,,,
1765,质量辣鸡要死,,,
1768,打开包装就发现旁边有小的豁口,,,
1771,棉不是很纯，穿着起球。,,,
1784,没起到什么作用！！,,,
1790,上衣穿了跟没穿一样，裙子根本没法穿拉链质量叼的一逼。,,,
1797,相当耗电啊，哟用了2个多月耗了800度左右,,,
1798,。。。。。。。。？。。。。,,,
1806,暂时不觉得有什么效果。送的另外一条为什么是三角的？？？,,,
1813,送家里人的，,,,
1820,啦咯来PK哦哦YY,,,
1827,颜色没选对,,,
1844,袜子就不说了，跟着内衣裤一起买的，算是搭顺风车,,,
1846,物流慢死了,,,
1847,，，,,,
1854,是原装的。[追评],,,
1855,&hellip;&hellip;&hellip;&mdash;&mdash;&mdash;,,,
1856,为什么不送无线充电板？,,,
1858,去年就入手的，宝宝好喜欢在上面画画，之前总是在地上或墙上乱画，现在有了这个后就好多了,,,
1860,货都没发怎么就显示签收了,,,
1863,用用看，过阵子再评。现在价格便宜,,,
1870,hao,,,
1879,真不怎么样,,,
1880,用了不到一个月 侧面按键掉漆了,,,
1894,说好的赠品呢，说好的呢？,,,
1896,才用两次 左边个就没有声音了,,,
1904,盖子上都是胶黑色的 看起来很恶。。。。,,,
1914,插到话筒上不出声音什么鬼。哎,,,
1916,哎&hellip;&hellip;&hellip;&hellip;,,,
1942,音量太小,,,
1943,就这么大一点的磨砂纸？我也是醉了,,,
1945,在京东网购买不下十次钢化膜，从来没碰到这种事，自认倒霉！反正只有*！,,,
1948,...................,,,
1951,"根本没有送贴纸,骗人的。",,,
1961,电脑很值,,,
1967,收到了还没用，但是收到的跟售卖的图片不一样是怎么个意思，图片的背面是印上去的，可到手的确实纸贴上去的！,,,
1977,-%-%-%%-%%%%%%%%%%%%%,,,
1993,未见赠品。是不是忘记了。算了！,,,
2005,还没用呢，广东产的，和实体店的一样。日期很近。,,,
2008,不保暖。,,,
2009,乱拿口味,,,
2010,打开包装后，里面有个朔料瓶的水只剩下个底了,,,
2020,来去自如啊，耗子可能有点大,,,
2023,没有没有没有没有用的东西太,,,
2036,还没使用，不知道效果，买个预防冬天狗耳朵生螨虫时候用。,,,
2056,没有对齐,,,
2060,"还没用呢,正在学习",,,
2085,自己贴的，还要十个字啊？,,,
2099,一天不到就没电了,,,
2102,只有29.7G其他还没发现有什么问题,,,
2128,我的天哪，才用三天，就听不到声音了，这是在搞笑呢,,,
2130,"面膜的气味与专柜卖的不同, 真的不敢用.",,,
2139,？？？？？,,,
2140,放在奔驰钥匙上，两天就显示没电，怎么回事？,,,
2147,在我脸上一点效果都没有,,,
2190,。。。。。。。。。嗲,,,
2193,规格不是我想要的，小了,,,
2194,还没用，用后再评价。,,,
2209,没啥效果啊,,,
2213,对豆豆不起作用 没有什么效用 是蜂胶本身的问题吧,,,
2219,5.56E+14,,,
2221,感觉毫无效果，不知是不是因人而异,,,
2234,充了几天把手机充电那块主板烧了，换手机了,,,
2235,给你五个星,,,
2236,没有说明书,,,
2239,太大了，直径都超过30厘米,,,
2244,风有点小  跟我舍友也是30块那个比有点差距,,,
2258,我去～只能当柴烧,,,
2267,是真冰柜，有一些冷气[追评],,,
2268,已经收到货，今天太晚来不及装上试了，明天有空安装,,,
2274,不过和欧莱雅的比还差点。不过那个鬼啊。,,,
2285,冷藏室的容量比较大，第一次购买容声，待以后使用后再来评论。,,,
2289,买的时候是红的，发的时候是黑的,,,
2290,居然是赠品？？然后标价来卖？？？,,,
2295,给朋友买的，不过说 手机 用着 总是发热 &hellip;,,,
2297,给朋友订的，还没用，用后评论,,,
2311,物流特别不负责任，用塑料袋包装，都没用盒子。真的很生气！,,,
2316,用处不大,,,
2318,吾俾一粒，算是好的了,,,
2320,不是我用的,,,
2331,太红，红了一洗就掉色！,,,
2354,囤货，到现在还没用呢。,,,
2368,才买完不到三个礼拜就降价了*块钱，还不保价！,,,
2378,网络电视，和直播都能看。有些小卡,,,
2379,1234567890,,,
2390,啧啧不想说什么了，虽然是*抢购的，但是既然店家搞这个了，就要做好！9月29号拍的吧？到10月10号才收到货。这个就不说了，拿到手已经压的不成样子了，前头的卡子已经砸碎了，也懒得找店家退换了，就这样吧。,,,
2391,&hellip;&hellip;&hellip;&hellip;嗯嗯嗯,,,
2393,刚收到，还没用，我本来选的蓝色，却给我发了个粉红色的,,,
2394,东西好的哦,,,
2399,大家不要买了，根本没有宣传那么神，就是有点香味而已。,,,
2404,没用，不知道什么。。。。。。。。。,,,
2406,质量好不好看看就明白了,,,
2415,冷藏室只有下面能冷冻，放上面的就没有用，只能保鲜，,,,
2423,?&hellip;&hellip;&hellip;&hellip;&hellip;&hellip;&hellip;&hellip;&hellip;&hellip;&hellip;&hellip;,,,
2425,老牌子了，家Y一直用@牌子的，很喜g,,,
2439,帮朋友买的 据说一直用这个牌子 建议去支持国货,,,
2450,这快递太让人生气，货到了，打来电话问在哪里也说不清楚，在打电话去问直接不接，打了好几个电话都不接，最后用导航一家家的找，以后打死都不会用中通快递，在买东西要在是用中通快递，直接不要退掉，,,,
2451,给妈妈买的，不知道怎么样。[追评],,,
2454,iPad的充一次就没电了，iPhone2次&hellip;&hellip;,,,
2463,有了蓝牙耳机方便了许多,,,
2468,.0..........,,,
2473,声音听不清，电视看不成，不知能不能换？,,,
2488,&ldquo;苏谦沫&rdquo;&ldquo;苏谦沫&rdquo;&ldquo;苏谦沫&rdquo;,,,
2491,风比较大 噪音有点  刚买几天就降价。。。。我去。。。,,,
2542,呵呵,,,
2543,差差。。。,,,
2551,无发票，显示的赠品没有发！,,,
2555,没有选修,,,
2570,还未使用，感觉应该还成,,,
2577,小，，小。小。小,,,
2589,一瓶喷了不到4次就没勒,,,
2595,给盆友买的，我也没用,,,
2599,太易断了，买来一个星期就断完了。,,,
2609,噪音非常大，退货了,,,
2615,不是有网袋赠送怎没见,,,
2618,现在刚收到货，还没有还没有开机试一下，等今天晚上回去开机试了以后看效果再评价。,,,
2622,哦，Usb3.0速度10M，嗯，是屎吗？我那个u盘速度都在40M左右，65R商家你配在这打着牌子说100M速度吗，14G可用，那2G被你家狗吃了？,,,
2627,感觉没有,,,
2645,老爹戴着不肯给我了,,,
2670,已经是小号了还是穿不得太大了！,,,
2685,好的,,,
2686,还没使用，使用后再追加评论,,,
2689,吃多了会上瘾,,,
2702,机器的声音让我想起乡下灌溉田地那种抽水机?，远远都能感觉到它的震感，开个两分钟自动关机，也没有雾喷出来。,,,
2709,。，，。，。,,,
2712,还没用不知道效果如何,,,
2717,一分钱 一分货吧！,,,
2727,第一次买，还没用不知效果如何,,,
2750,千万不要购买了，剩余保质期不到一个月。。。。,,,
2771,第一次买，不知道效果怎么样,,,
2777,额额额额额额额额额,,,
2780,可能我是干皮的原因 擦了一天 脸上起皮了 不会再买了,,,
2786,我半个月才收到货，大家买时要考虑经得起等宝贝的时间，还有客服态度实在没有办法。太没有一点责任心。本来要退的但因为是朋友帮我付款买的，,,,
2797,声音太大,,,
2813,刚买就直降350元，这是什么商品？,,,
2831,赠品而已,,,
2837,收到货还没打开，扫描条形密码没有结果，怀疑是仿造的。清商家给解释。,,,
2844,XX昨晚刚买今天就降价，还写什么30天保价！这样呼又消费者，以后再来京东买东西真的要多想想,,,
2850,宽度不够 感觉就3 40厘米的样子 太小了 物流速度4天,,,
2864,我要强烈要求退货，23号下的单，28号才收到、而且发货方还是在深圳。我也是在深圳同一个城市竟然送了一个星期你就是走路都能走到了。收到货之前打开一看机器拿到手里一看发现里面好像是有螺丝掉在里面一样一摇就叮当叮当响。最最最可狠的是打机器插上电之后按出仓键竟然都出不来。。。。。。。。。。。,,,
2901,冲着vs大牌子买 发现还不如杰士派,,,
2903,慢慢慢慢慢慢慢慢慢慢慢慢慢慢慢慢慢慢慢慢慢慢慢慢慢慢慢慢慢慢慢慢慢慢慢慢慢慢慢慢慢慢慢慢慢慢慢慢,,,
2908,．,,,
2912,什么冰晶怎么里面什么都没有1挡2挡跟本没有风,,,
2917,建议不要去里面卖还是实店卖比较好、我卖的都是一件烂衣服好大一个洞、气的我直接扔垃圾桶,,,
2945,喝了没什么感觉似的,,,
2955,刚用还不知道咋样！,,,
2963,使用中没发现什么。,,,
2972,到期了还发出来？不看下生产日期？,,,
2976,。。。。。。？,,,
2978,网络连不上,,,
2990,还没开始使用，不知道怎么样,,,
2992,没什么大问题    ,,,
2993,电视机送来几天了，怎么没有工作人员联系安装的师傅上门安装呢？再不安装就要考虑退货了。,,,
2999,货收到了。不知道好不好明天试试在评,,,
3002,为什么只有28.96G呢，说好的32G的呢？？,,,
3013,送货到家5小时后开机不能制冷，送货公司是将冰箱打横运过来的，违反了搬运要求！,,,
3018,&epsilon;＝┏(?&omega;?)┛深夜放毒,,,
3023,&hellip;&hellip;&hellip;[追评],,,
3028,这个气味嘛～～真的要人命！,,,
3047,以前买过这个,,,
3048,听筒声音太小，根本听不清对方声音，已经申请换货,,,
3076,老牌子，相信,,,
3082,这个眼霜买回来后，使用了一个星期之后，红色的出现颗粒状，烦请给个回复！谢谢,,,
3086,一直都用这个产品，每次都得囤货,,,
3093,实话实说，和专柜送的小样香味不一样，有一股类似塑料的味道！特地用了两天才来评价，只能说，如果当时专柜送的小样用起来也是这个效果，我不会回购！,,,
3101,根本没看到礼品，卖家就是这样戏弄客户的吗？,,,
3103,产品介绍是产地韩国，外包装上明明白白写的中国制造！！,,,
3147,我的赠品呢？买了两个都没一个挂件赠品,,,
3148,颜色不怎么的,,,
3157,找了好多遍，都没找到生产日期跟限用日期！这是怎么回事,,,
3177,复制一段话，到哪都得积分,,,
3184,没用！！！！！！！！！！,,,
3195,没法穿，太小了。也没法试。,,,
3196,试用以后再做评价。,,,
3220,充电时有滋滋声,,,
3222,手机丢了买个临时对付一下，还成,,,
3227,老牌子了。[追评],,,
3245,根本都没买怎么要我评价呢，真搞不懂。,,,
3258,系送来就破得，真系白白没有我*,,,
3259,没有用一点用都没有，上它玛的鬼子当了,,,
3274,没有弹性。。。。跟*块钱的拍子一样的,,,
3275,没有低音,,,
3284,屏上这些数字真烦去了又现用起来不顺手下个软件看连续剧广告又多&hellip;&hellip;哎！,,,
3286,水货打了几下就冒烟,,,
3302,我买东西是在线支付，付完款，都5天了东西还没有到，我也是不小心点了收到货。但是东西还是没有收到，我该怎么办,,,
3306,好好好好哈！！！！！！！！！！,,,
3309,帮朋友买的，不知道好不好，，,,,
3310,不孬，第一买,,,
3316,啊啊啊啊啊啊啊啊啊啊啊啊啊,,,
3333,！根本没有收到！,,,
3337,凑合吧,,,
3339,用了半年了，身上的疤一直存在，,,,
3351,没替换装啊,,,
3356,!!!!!!!!!!!!!!!!!!!!,,,
3365,xxxxxxxxxxxxxxx,,,
3384,感觉有点甜,,,
3410,没什么效果，感觉和没用的一样,,,
3418,服务员不安装，妈的，下水口是左边，不是右边！害的我忙了半天！京东快要死了！,,,
3432,我猜的因为这一批还没用,,,
3433,相当喜翻&hellip;对于Kitty控来说简直hold不住&hellip;啊啊啊啊&hellip;,,,
3441,保质期三年，到期日：2017年5月，购买日期：2016年9月。马上到期拿出来卖！网页上没有公布生产日期及批次，如果公布相关信息，绝不会购买！,,,
3444,先不说酒怎么样，因为根本没收到，还把钱给扣了！</br>京东也不处理，说商家失联！</br>这样的商家，大家还是别去购买了，现在正在投诉北京工商，投诉315，希望能讨回公道！,,,
3451,用了没几天到处漏电，现在锅内漏电真的是用生命在做饭啊。,,,
3462,与商品苗诉一点都不一样，还能在散点，当肉松卖吗，一颗星都不想给！,,,
3468,刚到货！还没用呢！,,,
3488,我从不怎么习惯在网上买衣服这类的东西，这次更是让我彻底的死心了，鞋那么大，卖家你说吃屎长大的吗？,,,
3490,买完就降价 *这幅度太大了.,,,
3494,..............&radic;,,,
3500,开包就花了！*得退而已,,,
3512,给朋友买的，也不知道好不好,,,
3514,膜就是外面*块钱一张的货,,,
3515,买这个给我发了个多效强韧,,,
3516,未送到我地址。害的我骑车跑了3公里,,,
3525,用完大半瓶了，没觉得毛孔变小了，可能还要继续坚持吧...,,,
3530,bmybmybmy,,,
3536,配套使用！,,,
3549,走在瓷砖上打滑，走路都走不了,,,
3564,还没有用。,,,
3568,很不划算,,,
3578,什么30日保价，刚买啦，没过几天就降价，真没语,,,
3588,到家充电冲了一天  然后给我的魅族note2充电 充满后小米电源还有两格电   10000毫安看来有点水分啊,,,
3592,老婆苹果丢了，换一个品牌,,,
3599,花了一个半小时安装却少了两颗台面背面主罗丝，多几颗小罗丝，不知是否影响使用。,,,
3605,内容比彼得的&ldquo;木工基础&rdquo;好多了。,,,
3609,用来打游戏，基本没戏，不知道这种商品为什么还卖,,,
3624,&hellip;&hellip;&hellip;&hellip;&hellip;&hellip;&hellip;&hellip;买了5台了,,,
3629,给老妈买的，我还没见到呢,,,
3643,你们看，你们懂得,,,
3647,生锈了,,,
3648,不是六爪的,,,
3653,送到手上外包装已经扁了！！！！！,,,
3657,具体人而已频率程度上受到与会,,,
3659,你妹买了几天就降价,,,
3666,煮蛋器，到家就试了一次，十分钟左右，搞定鸡蛋，记得要比说明书上说的水量多放些。,,,
3689,第一次吃，期待中,,,
3703,。。。。。。。。。。。。。。。。。。。。。。。。。。。。。,,,
3705,老婆用了没说怎么滴。,,,
3718,说白了，就是一凸透镜，和镜头不沾边，路边*,,,
3721,以前用施华蔻的Q10，换这个后头皮屑在满处飞,,,
3722,居然有颗螺丝没有装好，散落在包装内部，不能接受。,,,
3731,不敢在网上买了，不敢在网上买了。,,,
3753,颜色给我弄错了问你连话不回复吗,,,
3759,经小米官网验证为&ldquo;可能是小米手机&rdquo;,,,
3763,用在身上有点蜇，打算闲置了,,,
3772,感觉作用不太大！！！！！,,,
3785,质量很好希望更多的朋友信赖．店主态度特好我会再次光顾的．可不可以再便宜点．,,,
3789,还没有给小孩用，声音有点大,,,
3790,以前在家用过，现在还没有开始用了,,,
3792,收到的货跟图片根本不一样！,,,
3796,不会用不会用,,,
3804,只有2/3瓶！！！只有2/3瓶！！！只有2/3瓶！！！而且任何密封条或者包装膜都没！我都怀疑是不是被用了的&hellip;&hellip;,,,
3815,为什么保鲜区域也结冰，那不是整个冰箱只有冷冻功能了，保鲜功能呢,,,
3830,漏水,,,
3833,没感觉，赠品,,,
3840,噪音大，一分钱一分货。,,,
3841,外面好像有点青提怎么回事？,,,
3850,记得看时是有赠品的呀，下完单了也没在意，还要加5元快递费，收到货也没赠品！！！,,,
3856,没有什么效果,,,
3880,味道与之前的不一样，怀疑不是正的!洗面奶跟兑水了似的。。。。包装竟然是什么促销装，也是醉了,,,
3895,有磨损，好像是退换货,,,
3906,[追评]刚用机器暂时没发现问题，买之前没有强调保价问题，我在其它店从不声明，都会处理！,,,
3913,****，手环不给我了?[追评],,,
3916,%E8%BF%98%E6%B2%A1%E7%94%A8%E3%80%82%E6%9C%9F%E5%BE%85%E6%95%88%E6%9E%9C%E3%80%82,,,
3938,得到葛荟婕家家户户环境,,,
3942,老手机满血复活[追评],,,
3959,没有赠送,,,
3960,一个希腊罗马的服饰再加上完全是东拼西凑的几个西方品牌，韩国2013年出版的书。,,,
3985,老品牌，噪音小。,,,
3990,惠！！Φ钠鹱约旱rX！,,,
3993,还没用，准备春节去泰国用,,,
3998,完全用不了，搜不到手机！！！一次都没用上。,,,
4001,买了没有一个月，不充电了,,,
4002,东西跟图一样只不过安装完满头大汗有点累！,,,
4008,原来担心影响音质，到货试了一下，感觉没多大变化,,,
4011,根本没买这个 不知道怎么给我弄的订单,,,
4012,我没有收到货，怎么销售就完成了？怎么回事儿？,,,
4014,没注意，是小包装，第一次见。,,,
4022,什么东西嘛！拆开包装拿出来就掉了，有图有真相，建议不要买。,,,
4028,还没有试过，获奖红酒？我查了一下没查到啊??,,,
4030,实在想不到发回来的竟然是这么个玩意,,,
4032,味道和女性香水一个味道,,,
4042,为什么春节期间不接受预约安装？为什么不早说呢？,,,
4045,il;y;yuhkiyhkhgtjgjl;h;,,,
4050,还有黑线，不是大红?,,,
4051,到货有点晚了。,,,
4057,宝贝收到了！！！！！！！,,,
4086,顶盖也没有,,,
4109,没什么卵用，都没用玩过。,,,
4130,赠品没有，连网页都改了，沟通了之后几天才发，结果发过来的还是满瓶灰尘，生产日期是14年的，保质期只剩几个月了。,,,
4148,?('?' )?                             (??&omega;??)?? ?('?' )?,,,
4153,我买的是东芝品牌，给我的是其它品牌，客服叫我自己联系店铺，有这种道理吗,,,
4159,刚买1天就降价100，表示伤不起。,,,
4160,很期待效果哦,,,
4162,我也是醉了我还以为有贴膜,,,
4164,选的什么快递，还要去他的物流点取货。走了十多分钟，现在快递没送到家，送到楼下总行吧。,,,
4167,还比较去?！！！！！！！！,,,
4173,反应不灵敏,,,
4175,??夏普 (SHARP) LCD-50SU460A 50英寸4K超高清wifi智能网络液晶平板电视机（黑色）,,,
4181,没有用，使用后完全无法弄造型，可能还要配别的，味道倒不大，,,,
4193,送家人的，不知道怎么样,,,
4195,水有点浑,,,
4201,没什么用。。反正是送的 这样吧,,,
4215,什么东西，手机没信号，内六角螺丝托扣,,,
4222,特意买了拿到北方给小孩用，除夕夜开始用的，每天仅夜间使用，用了12天设备就不工作了，结果就没有结果了,,,
4223,当身体油用了，混合着身体乳一起用，没什么大的感觉,,,
4235,头天下的单，没想到第二天就到了。,,,
4245,/首次购买，较为M意,,,
4251,..................,,,
4260,了了了了来咯我了了了了了了了了,,,
4268,不建议购买！,,,
4269,1、螺旋盖滑丝 2、气味跟之前朋友从国外带回来的不一样（这个有香味，朋友送的木有味道）3、浓稠度较之前的稀,,,
4273,很不负责任，次次都这样洗发露都有好多倒出来下次不来买了。。。。。。。。,,,
4282,未使用，最后一节不能固定，求解,,,
4294,ems？哈哈哈真是够了九天！！！,,,
4295,一般一般一般一般一般一般一般一般一般一般一般一般一般一般一般一般一般一般一般一般一般一般一般一般一般一般一般一般一般一般一般一般一般一般一般一般一般一般一般一般一般一般一般一般一般一般一般一般一般一般一般一般一般一般一般一般一般一般一般一般一般一般一般一般一般一般一般,,,
4296,我只是要说为什么我开个发票这么难，真是够了。,,,
4297,煮了有股醋的味道不知道为什么,,,
4303,无论如何，每年都买，&ldquo;电脑报&rdquo;合订本的内容是一年不如一年了。,,,
4334,骗子，购买的时候是28个的，收到只有一个，骗子店家,,,
4338,/7/7/7/7,,,
4341,刚开始使用。。还没有什么问题,,,
4348,哈哈哈哈哈哈哈哈灌灌灌灌,,,
4358,都吃完了，也没见得什么效果，骗钱的吧！,,,
4360,性价比略低。东西可用,,,
4365,看视频的时候有点吱吱的声音不知道什么情况,,,
4377,第一次尝试,,,
4385,实物跟图片相差太远，比我想象的小太多了,,,
4389,真的和说的一点都不一样、看来真的是刷单刷出来的,,,
4395,很白，撕开保护膜居然有黑印，和客服联系，人家说厂家发的货，担心是返修机。,,,
4400,长度刚刚的，哈哈。,,,
4402,痘痘反而更大！！掌握不好的别乱用,,,
4408,说好的赠送。结果没有。怎么啦？要相信你们,,,
4416,凑合着穿吧,,,
4417,声音确实是大,,,
4418,发票呢？？？？？？？？？？？？？？？？？？？？？？？？？？？？？？？？？？？？？？？？？？？？？？？？？？？恩？？？？？？？？？？？？？？？？,,,
4434,冲两次米4就没电了,,,
4437,老牌西门子。等你好好服务。,,,
4460,妈的，我换货 卖家根本不给发货，是个骗子，大家千万别去买，几十块当送给你,,,
4465,以前用过的 但是这次在网上买的不咋样 感觉洗发水里掺了水的 很稀 慎购！！,,,
4474,寄过来的时候瓶口根本没有塑封条，也就是说如果中途哪个倒了换了也不得而知,,,
4475,用了好几天没有一点效果,,,
4492,不能waif打印的,,,
4498,&hellip;&hellip;先不说,,,
4501,点不了,,,
4502,不是经常使用，无法可管评判其具体效果,,,
4505,好好好好好好好好好好,,,
4514,暂时还没效果 天哪 要多久,,,
4515,。。。。。,,,
4516,风扇的噪音大～只听到声音～没什么风～快递还没送到家～以前我买京东的东西～都是送到家的,,,
4535,....,,,
4539,有气泡。,,,
4548,一分钱一分货。比之前买的差多了,,,
4549,本来想买的 发现没钱了 只好退订了 哇哇哇哇哭,,,
4559,冷冻不结冰  矿泉水都冻不死冰?,,,
4585,黄瓜不是图片上的品种，只发芽了四棵,,,
4587,买来了苹果用不了，,,,
4590,洗完后，有c乾。也不知道真的能y,,,
4624,很一般化，骗子商家。再也不会相信京东合作商家了,,,
4626,跟实物一样,,,
4629,噪声太大,,,
4631,2015年底产,,,
4633,活动时候入手的！,,,
4643,以前防伪在面板下面，需要刮开涂层。现在都在包装袋上贴的条形码。,,,
4652,没有收到发票，而且快递小哥，只送到楼下，没有送货上门，自己搬上楼，收货没有任何签和，没有任何收到凭据,,,
4657,感觉没什么用,,,
4665,不想说多余的话了,,,
4667,618一起买了三个，包装可不咋地,,,
4670,经常购买。希望能够给予更多优惠和折扣。,,,
4688,什么玩意啊，根本和手机不匹配，千万别买,,,
4705,[追评]申请返现,,,
4706,组装了，感觉缺点什么，和图有点小差据,,,
4711,用完继续用你们家产品,,,
4718,灰尘到处都是,,,
4725,没效果，蟑螂不吃,,,
4733,自营的东西也有被动过的。给个解释。,,,
4735,在亚马逊买了这么多年终于相信亚马逊拿非卖品的商家赠品小样卖钱的传说是真的了，偌大个亚马逊居然做这种事情还标着厂商建议零售价75元，厂商明明写的非卖品好吗？还不能退货!,,,
4738,跟手机根本就不搭，角度都不一样,,,
4748,..........................,,,
4749,东西还没拿到！怎么就签收了！你发那了？,,,
4752,真是一分钱一分货，才买了一个月就生锈了?,,,
4769,声音有点小!,,,
4774,太大了，有点不习惯,,,
4777,下次应该送两个，希望改进，呵呵呵,,,
4789,? 小米 红米 4A 全网通 2GB内存 16GB ROM 玫瑰金色 移动联通电信4G手机 双卡双待,,,
4793,给妈妈买的，买的第三部了，我想说，上次买了两部，答应送一个背包的，没见到东西。,,,
4795,实物和介绍不附，没有金属包边,,,
4806,试用中，暂时未发现问题,,,
4816,怎么邮过来的时候连个外包装也没有啊 同时也没感觉很保湿,,,
4821,刚拿到手还没有体验，以后在评价,,,
4824,习 大 大万岁！中华人民共和国万岁！！,,,
4836,这个我确实没收到，骗人的,,,
4860,给妈妈买的，不知道好不好，就是什么都不送,,,
4868,又说赠送视频，在哪！骗人的！,,,
4889,我买的三件套，但只发了水和乳液，请问三件套的洗面奶呢？被吃了？,,,
4908,没有纸盒包装，打开盖子发现管口居然没有塑封口？不敢使用，我之前在香港买的都有纸盒和管口塑封的。,,,
4926,我现在充不里了电了。,,,
4930,发来个开过封的，还没有数据线，已申请退货,,,
4942,是买回来给公司底下的一个工厂使用的,,,
4953,臭脚！！！！！！！！,,,
4958,?(????)?　,,,
4967,不是无纺布,,,
4976,晚上用声音太大了，购买的不是很理想。,,,
4979,赠品在哪儿？？？？？？？？？？？？？？？？？？？？,,,
4994,里面居然有其他人的名字，而且取卡针也没有&hellip;,,,
5003,老很喜g,,,
5036,书籍已收到，资料请发qq邮箱：150432705，谢谢,,,
5037,我的右侧的耳机没声了！能换新的不去？,,,
5040,一点不吸水，拿掉尿片屁屁都是湿的，别的牌子不会这样,,,
5043,因为不给我送金宇彬的袋子哼q(s^t)r明明留言了给我送个金宇彬的袋子为什么不给我送,,,
5052,给朋友买的，感觉比我的荣耀8还要好一点,,,
5056,完全没效果，头屑反而增多了。,,,
5059,东西大差了，,,,
5060,底座有一个螺丝安不上,,,
5081,yyyyyyyyyyyyyyyyyyyyyyyyyyyyyyyyyyyyyybbbbbbbbbbbbbbbbbbbbbbbbbbbbbbbbbb,,,
5085,实际内存60  被吃的太多了,,,
5086,赠送的东西还要评价？,,,
5091,屏幕大。价格便宜,,,
5098,说的是4G内存，但是拿回来看了一下不是，受骗了这个店铺真能骗人，希望大家不要在这店里买东西了，这个店和厂家早晚关门，骗老子，我诅咒你们的，，，，，，，，，，，，，,,,
5108,鞋柜也是难看到极点了 。,,,
5110,相当好，价格便宜！,,,
5123,不晓得说啥子，也不想说啥子,,,
5133,饿饿饿饿饿饿饿饿饿饿饿饿,,,
5150,下单5天后才才发货呀？联系厂家根本就没有反应，很气人的！最多给一星！,,,
5170,携带方便，携带方便，携带方便,,,
5189,给朋友买的，不知道咋样,,,
5190,留着夏天用的,,,
5199,太骗人了，简直就是玩具吗？有种上当的感觉。,,,
5202,老人机？支持国产,,,
5203,用过感觉没洗净一样黏黏的,,,
5221,多余<br/>多余<br/>送不送无要紧,,,
5222,现在用着没啥问题！唯一 一点就是放着水打开一下盖子立马就盖上就不工作了！还要按下启动,,,
5225,，，，，，，，，，，,,,
5230,..我自己使用的是魅族note5摄像头1300，5s也是1300。但是拍出来的效果很不一样。附图自己看，自己评价,,,
5231,感觉用途不大，除了装逼，别的没啥大用,,,
5232,下完订单。赵尼娘!纯属骗子。,,,
5248,客服只会重复那两句话的，,,,
5258,还没吃，不知道味道如何,,,
5266,什么茶叶还白茶呢，一B,,,
5270,%E4%B8%9D%E4%B8%9D%E5%85%A5%E6%89%A3%E4%B8%A8%E5%AD%90,,,
5280,说好的赠送的电源适配器呢？,,,
5285,噗,,,
5297,喷出来的是雾状，里面装的是科颜氏的黄瓜水。,,,
5301,价格比较优惠，2018年底到期,,,
5303,快递  没有通知都给我签收了   还要自己打电话去问东西到了没有,,,
5329,袜子都没有收到，还评价什么？,,,
5332,我是混合型的皮肤，但是这款用完，感觉脸上的水分被抽干了,,,
5336,不如同厂的1.5匹质量,,,
5342,肥,,,
5343,充电5小时播放2小时,,,
5359,不知道怎么回事连接不上,,,
5361,了588896654478,,,
5374,钱付了，火机没收到,,,
5381,东西,,,
5397,那点子温度计测了下温度，冷冻室-19度，但冷藏室开到6也只有7度。懒得退货了,,,
5400,也不知道是不是正品・・好像和以前的不太一样・・香味持续不久・・味道也很快就散尽了・・起码我感觉不是正品・・,,,
5401,电视买小了，想换客服不同意,,,
5411,我喝不习惯,,,
5412,"一份价钱一份货,膜小了一圈,下边的两角还贴不严实.以后不会再买了",,,
5420,没有用，吃了两瓶没有一点效果，骗人的。,,,
5430,本人没有收到任何电话、短信、邮件，订单就已经显示完成了。,,,
5435,外层塑料包装是打开的，瓶口也没有封起来，还不能自助退货。,,,
5438,川宇（kawau）读卡器 Micro SD/T-Flash TF读卡器,,,
5440,现在都没用，等用了，在具体评论,,,
5460,卫生纸国际版柔韧4层180g*10卷有芯卷纸,,,
5462,不错不错不错不错不错不错不错不错不错不错不错不错不错不错不错不错不错不错不错,,,
5463,照片里是有配套的木香皂盒的，实际收货没有。。。。。,,,
5476,%E4%BB%94%E7%BB%86%E7%9C%8B%E4%B8%8A%E9%9D%A2,,,
5486,感觉用一次要用好多但是一点作用也没有。感觉就好像根本就没用它一样。,,,
5490,不知道是膜生产的时候没有做好还是什么原因，我贴的时候，揭开保护膜之后，贴到手机上有颗粒，我反复贴了几次，都改善不了。算了，就凑活着用吧。,,,
5494,售后安装一般没有详细讲解对功能也不熟悉还不如我接地线没给装好就那么塞空里了管接的也不理想,,,
5501,用着没效果。。以后不会再买,,,
5506,还没收到货点错了确认收货怎么办,,,
5515,描述的4到6片叶子，收到货只有三片叶子，,,,
5531,88525886666,,,
5535,收到货了，但蜜全部结晶了，不知道是真是假？,,,
5538,挺恩&hellip;&hellip;&hellip;&hellip;&hellip;！！,,,
5550,根本一点用也没有 ，用了和没用一样,,,
5568,这质量，不敢 恭维。干透以后也没干活，过了四小时，换了件衣服甲油就起一块一块的，掉了。和以前用的完全不同。,,,
5590,看不出来三合一 明明两个孔是一样大的,,,
5594,..............,,,
5612,哈哈哈，用来做收藏就行了。不要想着武起来。   我就打算摆我电脑桌上,,,
5614,一星都多了，膜上面有折痕,,,
5616,帮别人买的,,,
5624,是国行,,,
5628,收到的产品生锈的,,,
5629,一次只能充一次满电，还一万毫安，呵呵哒,,,
5632,还没开始用不知道怎样,,,
5638,现在还没有事情[追评],,,
5645,感觉含酒精，而且用着干干的,,,
5660,异味太大，想知道材质是什么塑料？,,,
5661,只有**会买,,,
5669,。。。,,,
5686,蚊香有点潮了 都点不燃 没有什么灭蚊效果,,,
5699,11111111,,,
5703,没见有配送的呢！骗人的,,,
5723,"好不容易带回家，打开一看,这也太小了吧？",,,
5726,时间久远，不见了，想着也就***也就没有说什么,,,
5727,回来之后就扔了,,,
5729,里边的苹果，都挤了，没几个好的。,,,
5734,省燃料,,,
5748,商品到了两天了   还没送    我在百度上查了一下   说电话联系不上了    不知道是不是老板写错了,,,
5753,还没收到。。。不小心点到收货了，到了给我发信息啊！！！,,,
5757,物品收到  不知道是不是真的,,,
5759,应该是二手机来的，充电口歪的，轻轻翘一下，断了，，我能说什么呢？白瞎我*,,,
5762,快递送来的时候，外面的纸箱上一个洞，这个也就算了，沐浴露按压的地方是弹开的，都流出来了。,,,
5773,是美的的老客户了，一直相信美的的质量及服务&hellip;,,,
5776,真的是神器吗,,,
5786,回来都流出来了，看量就没有400ML，而且下单半月才配送……,,,
5790,用后再晒单。,,,
5806,还不如地摊*。,,,
5819,还没有用，用过再来加评?,,,
5831,赠品嘛，质量肯定不是太好,,,
5832,唇膏是好的，可是颜色跟网上的完全不一样,,,
5848,试用一下再评,,,
5864,呵呵呵呵呵呵呵呵呵呵呵呵呵呵呵呵呵呵呵呵,,,
5877,质量查,,,
5883,去年买的170，今年得买175，越来越胖了,,,
5890,买完了  降价了    ,,,
5893,打开包装，滤清器边缘有磨损的痕迹，不知道是怎么回事,,,
5902,这一政策，^_正在私我哦你不知,,,
5909,QWERTY,,,
5910,能给ipad冲上电,,,
5917,本来是想要30防晒的 50倍的感觉平时用不到,,,
5919,是WPK文件格式的，根本不能装安卓，感觉就像买了个功能机，建议大家不要买，网上搜教程你会吐，看不了直播,,,
5924,护发素流出来了，包装盒里到处都是！,,,
5926,为什么没有手套 摊手,,,
5943,我打这1分，是因为没有0分！,,,
5947,下次继续购买,,,
5955,hhhhhhhhhh,,,
5970,价格便宜，所以没灯配，会生锈的，各位自己考虑，我算是无所谓的了。,,,
5973,.......................................,,,
5982,才刚刚用，还没看见效果,,,
5988,冷冻室太小了。,,,
6000,辣眼睛，浓浓的酒精味，再也不敢用了,,,
6002,硬度不够，跟预料一样,,,
6019,味道比较怪，用来洗身上的防晒霜了。,,,
6023,包装盒被拆开，封口也打开了，液体只剩了一半。对肤色没有一点修正作用，顶多是个防晒霜,,,
6024,我想问一下卖家你送的礼品呢？,,,
6031,补发的东西居然9天还没到，我也不知道是不是嫌购买得少，不被重视。这样的服务态度，自己想吧,,,
6055,暂时还没发现缺点哦！,,,
6058,京东自营的东西也不能完全相信，加大加小的按键都按不到！,,,
6059,~~~~~,,,
6079,乐乐乐乐乐乐乐乐,,,
6083,一点用都没有，电死老子了,,,
6088,[追评]套餐一有充电宝呀，我怎么没有收到，为了充电宝拍的套餐一的，怎么没有啊？,,,
6089,商品描述有误差,,,
6091,刚开始声音不大，用了几天之后声音变大多了,,,
6100,还没有用，就是感觉油有点多！,,,
6140,东东收到很-般，一分价钱一分货。,,,
6150,买到手就出现了故障，现在用不了了。,,,
6158,书是回来了，自己去取的，快递员也没给送连个电话回来三天了，都没打，啥意思啊？,,,
6165,我要的是玫红色   发的这是什么颜色,,,
6166,不知道有没有效,,,
6172,一片味道都没有，什么加糖奶粉，根本就是骗人的，谁买谁上当,,,
6173,赠品，没用过，冬天马上过去了  ,,,
6176,老三洋用了六年了&hellip;&hellip;添一台，换着用&hellip;&hellip;,,,
6180,k6666666666666,,,
6188,给快递小哥的，不解释&hellip;&hellip;,,,
6203,生产日期还是2012年的，这都成货了吧。。。我晕。、,,,
6207,之前在专柜买过 盖子和专柜不一样 用了一次感觉脸上有点烧 就没用了,,,
6211,差差差  等了5天才到货,,,
6217,定型效果也就那么回事~~~用完后果断把头发剪短了~~,,,
6218,真的不是机油换了个盒子装？我发誓我是抹了一点它在脸上，当天就冒痘的,,,
6237,妈妈现在还不接受按摩一类的东西，所以没有使用，后续予以使用评价,,,
6238,完全没有用  直接跟包装一起扔掉了,,,
6249,。。。。，，,,,
6265,不知道怎么回事，感觉味道跟之前的不太一样！,,,
6267,只有62g大骗子。。,,,
6275,??????????,,,
6282,煮的蛋很嫩，很巴适,,,
6286,不喷不知道，喷啦，还得洗掉，色差大的很！,,,
6307,一分价钱一分货，就这样。。。。。,,,
6319,是新机，可摄像头里为什么有毛毛？看了其他评论，还不知道该怎么办！有没有跟我一样的情况？退货？,,,
6326,送妈妈,,,
6330,.......问,,,
6336,冷藏小了些,,,
6342,???????,,,
6345,一颗星给快递的，本产品仓库在我们这，几站路都到了 ，还让我多等一天！,,,
6369,都是胶,,,
6372,给老婆买的，每天早起都给她煮个蛋。,,,
6374,颜色和上一次不一样,,,
6377,不配套，锁屏键跟音量键相反,,,
6382,塑料盒已破损，和之前买的图标也不同。申请退货，得发照片到邮箱，发就发呗。,,,
6392,老是炸线是咋回事啊,,,
6416,小物件 也没啥优劣好坏分的,,,
6420,才吃一次有点香味，感觉包装不显档次！效果吃完再评...,,,
6429,是个哈哈哈哈哈哈哈哈哈哈哈哈哈哈,,,
6449,四周还是有气泡，和贴膜手艺无关,,,
6456,本来看到写的是MX4，就买了，结果发过来一个pro。这已经是第二次了,,,
6473,没用4个就一个亮,,,
6474,有点留污垢，不是打磨版的。,,,
6475,今天在沃尔玛买的，118，保质期到2012年3月，有包装盒，但是没密封，不知道这种是不是都没密封的，所以有点担心被打开过影响防晒效果。,,,
6487,为什么这一次购买的奶粉没有税收发票？,,,
6493,能,,,
6515,邮政不给送，现在还拿不到。,,,
6521,用了来评价，效果真不咋的…………,,,
6528,&hellip;&hellip;&hellip;&hellip;&hellip;&hellip;&hellip;&hellip;&hellip;&hellip;&hellip;&hellip;&hellip;&hellip;&hellip;&hellip;&hellip;&hellip;&hellip;&hellip;&hellip;,,,
6531,鼓楼区,,,
6540,8.89E+13,,,
6557,和以前使用的感觉不一样，要求退货。,,,
6567,骗人啊，，，，，，，，,,,
6588,说好多带一支笔的，结果还是没带！,,,
6614,大家小心了会吃碟，我现在一个碟还在里面。,,,
6630,了了了了了了呃呃呃额额的得得得得得得,,,
6633,老是没声音不知道怎么回事,,,
6634,买了好多东西，但大白兔糖没发给我，联系客服要图，年底太忙，没发也就没了下文,,,
6636,韵达快递在深圳市送货都用了3天，以后有这个快递业务的都不用下单了。货品没有制冷功能我在下单时没有留意到,,,
6639,妈的，退款到2个星期了，能把款退给我不,,,
6642,??????,,,
6646,给男朋友买的 我一个他一个 美滋滋,,,
6651,给妈妈买的，我还没有回去看到实物，实在不知道怎么样，希望和预期的一样吧,,,
6663,冲不上电啊,,,
6668,真正体会到了一回花钱买受气.,,,
6670,买东西送的,,,
6671,说好的发票呢？,,,
6680,以为是漫画，结果90%都是文字，你家小孩3-6岁就能看懂？,,,
6687,我不想说什么，催了又催，18号才拿到货,,,
6689,洗完头发变成干草啊，好想哭,,,
6699,没有20000mAh，太阳能也不能用,,,
6706,好好好好好好好好好好好好好好好好好好好好好好,,,
6709,被拉进联通黑名单了！！！！！,,,
6752,为什么没有发票，发票呢？,,,
6761,其他都是塑封，只有这款是套了个塑料袋,,,
6767,好似有的细了,,,
6784,，手环4天就没电了,,,
6791,！！!!!!!!!!!!!!'nn,,,
6796,相信格力的产品，但是千万不要赶到旺季购买，要不安装让人很头大！,,,
6813,买了两支牙刷，只收到一支，骗人商家,,,
6821,京东 太没有责任心了、买3??圈。居然发货1??圈。却还一直联系不上。什么服务态度啊,,,
6829,声音太大，太大，太大,,,
6849,保质期3年，2014年五月下旬购买的，生产日期却在2011年12月,,,
6858,冷藏室结冰,,,
6867,是不是太阳系列中文版本号线,,,
6870,小包总是底下破开,,,
6875,这款面膜没什么水分 脸都沾不住,,,
6888,染了跟没染没啥区别的么，还以为有多靓,,,
6891,冷藏层好象不工作。[追评],,,
6892,好东东呀好东东呀,,,
6903,看了评论感觉东西不像是真的,,,
6907,没效果！,,,
6927,没鞋底，只有一鞋垫，,,,
6959,前脸LOGO那去了,,,
6970,这么大老远就不知道用东西填充紧凑了再发货。,,,
6971,我5.21号买的货到今天6.11号货都没有收到 上面显示已经签收,,,
6972,很细&hellip;&hellip;&hellip;,,,
6975,在手机SOS功能无法使用，拨打客服热线无法接通！！,,,
6982,买了两天就降价三百。这个我就不说了。二十天了。打了无数个电话，每次都说好好好。就是不给安装。啥意思？？？？？管发货不管安装？？？！！！,,,
7019,给朋友买的，一共买3次了,,,
7029,是否意味着在这两位领导人和各界朋友携手走过,,,
7032,说好的发票呢？发票呢？？？？？？？？？？,,,
7045,感觉没什么用处,,,
7060,帮朋友买的，不知道怎样！,,,
7065,送人的，阿姨还没用。,,,
7072,没用几天旁边的键就掉下来了,,,
7083,上面图片是蓝色的，谁知道回来的是红色啊,,,
7089,效果真不怎么样，基本没用,,,
7102,退了。                         ,,,
7110,未收到此商品,,,
7111,贴上去有泡泡,,,
7113,用过一次，头发还蛮顺的,,,
7121,满58赠送的东西未发！！！昨天下单时怕发货忘记，特意备注的。现在找谁要去？下方显示的售后是宝洁公司的，跟它无关呀？教我下咋办？洗发水外面封好的，发膜没有封，貌似少了，没和超市对比。质量还不知道。,,,
7125,不怎么保暖,,,
7139,跟在店里看的感觉不太一样呢！,,,
7152,不想用需要表达,,,
7156,<br/>容量大<br/><br/>运行稳定<br/><br/><br/>,,,
7170,还有没有返现的,,,
7174,为什么吸尘器的风这么小！吸都吸不了,,,
7181,我没收到货，然后拒签，不给退钱？,,,
7185,6号下单，12号到。。。,,,
7193,寄过来的时候没有生产日期和保质期,,,
7194,差差差差差,,,
7200,感觉和超市的不一样 香味不同 而且感觉没味道,,,
7207,。。。。。。。。。。。。。。。。。。。。。。[追评],,,
7209,。。。。。。。。。。。。。。。。。,,,
7215,去年夏天买的、人懒、一直没来评论,,,
7222,现在想买都没货了...............,,,
7233,1.11E+14,,,
7243,跟原来买的印刷完全不同，不知道真假，网上也查不到如此包装的森田，以后不会买了,,,
7248,充电六小时还没有充满。,,,
7251,我好像没买过这种的，怎么会要我评价,,,
7261,'''''',,,
7282,还凑合吧！就是每次开电视的时候总是反应不出来，打客服说是把头换一下。,,,
7292,给妈妈买的，不知道好不好,,,
7306,试用了一下，家里有个以前在专柜购买时其他系列产品时送的这款乳液的中样，不知道是不是我的错觉，貌似乳液的质地比中样的要稀一些来着，不过味道是一样的,,,
7309,习惯性,,,
7314,声音太大了，不是我想要的那种,,,
7316,用了几天才来评价的,,,
7319,买完半个月才来评论。祛痘没效果,,,
7328,我还没有收到货,,,
7340,拍了台j12血压计，货早已收到付款！17%增值税专用发票没递来？？？？今天已过9月4号了<br/>惠州市仲恺高新区陈江财缘工控自动化设备经营部13928313048李先生的,,,
7354,"是正品物流速度快嘴唇不干了滋润效果好东西不错价格实惠颜色不错抹上很舒服唇膏很好<br/>自定义标签<br/>评价晒单<br/><br/>55呃7打工皇帝和方法消费能够覆盖菲律宾国会<br/>还可输入479字<br/>共0张,还能上",,,
7357,使用半月了没看出什么效果不过我眼皮上有点小白点了不知道是不是眼霜的原因，用完后眼睛有点酸。,,,
7373,"无法读取在viewpad7,只能在手机中使用",,,
7380,&hellip;&hellip;&hellip;&hellip;&hellip;&hellip;&hellip;&hellip;&hellip;&hellip;&hellip;&hellip;,,,
7388,闻起来味道像糖浆，基本没效果,,,
7389,又来买了，感觉挺补水的，但是黑眼圈是去不了的啦。,,,
7393,差差差差！！！！！！,,,
7398,外包装一侧标着进口商是上海博纳泉化妆品有限公司，但没有博纳泉的防伪签。 另一侧写着亚马逊进口直采。,,,
7411,t,,,
7431,客服说洗洗就不掉羽绒了?我也是呵呵了洗洗羽绒都tm的弄一起了,,,
7436,被吃了,,,
7440,***苏宁，818当天价格不同！,,,
7442,声音有点大，再观察段时间,,,
7443,不是说不锈钢的吗？怎么杯底生锈了？,,,
7446,。。。。。。。。。。。。。。。，。，，。。，。。,,,
7463,妈的我没有买,,,
7469,顶顶顶顶顶顶顶顶顶顶顶顶顶顶顶顶顶顶顶,,,
7475,花头掉了！送来的时候就掉了！为啥不附送502。,,,
7478,感觉声音还是有点大,,,
7481,洛克（ROCK）手机贴膜iphone6钢化膜蓝光防爆膜,,,
7484,&哈哈哈呵呵呵好好好好好好好好好好,,,
7490,)于1947年瑞典创立、和国外很多牌子一样没有中文翻译的、音译过来就是海恩斯莫里斯。,,,
7507,第一次买的时候送了的，这是第二次买，根本就没送！！！,,,
7514,说实话真不怎么样,,,
7525,从收到开始就一直问题不断，震动，到现在是脱水直接没效果，第一次买美的，也是最后一次！,,,
7540,为什么不让说啊？？？？,,,
7555,全是灰  捡的啊   之后卖,,,
7558,水份太多，倒在手上一下就流走了,,,
7571,我真的有点怀疑这个是别人用过的 商标有被撕了一半的痕迹 背后贴的中文签也有磨损 又没封口,,,
7572,应该怎么评价呢  3个月没到,,,
7573,和想象中的有些差距,,,
7574,第一次用就脱水不成功,,,
7590,？！？！？！！,,,
7597,*^_^*,,,
7599,震动声音有点大,,,
7608,三个问题：<br/>1、为什么没有充电器头，只有数据线？<br/>2、太太小<br/>3、说的17号到，为什么18号下午了才到<br/>其他的，至于东西好不好，用了才知道，快递员老远就喊名字也是够拼。<br/>,,,
7614,没什么效果啊，做面霜很油，因人而异吧,,,
7623,有味道。哎&hellip;&hellip;,,,
7635,第一次买艾美特的风扇，品牌做大了，质量却做丢了&hellip;&hellip;,,,
7648,到处都是缝隙，遮不住光,,,
7649,如题，没有什么好说的，一直用N家的东西，这次买的和以前买的感觉很不一样，以后不会再买了,,,
7652,物流真慢，我也是醉了，现在都还没看到是个啥模样,,,
7653,还没喝，不知道，不过没上*以上的都是色浆吧！,,,
7658,只穿一次就不粘了！！！！！！！,,,
7660,*打还包装之后有暴多划痕，上面还有胶,,,
7669,手机上用不了，需要格式化fat,,,
7671,怎么有些按键不怎么灵呢,,,
7672,赠品没有得到,,,
7678,少一星是因为国内买的有透明膜压缩包装。这个没有，,,,
7718,虽然说是搞活动满减买的商品、生产日期是12年初、这都14年初了、啥也不说了,,,
7736,没有指环扣,,,
7748,以为是优盘，结果就是个内存卡和读卡器，***了，有这么**的吗。,,,
7749,收到的和网上见的不一样。还不敢用。,,,
7757,袜子会掉毛，,,,
7767,甜到有点苦，不敢再吃。,,,
7769,老婆说触摸屏有点不灵敏，先mark一下。话费也不知道怎么返还。先看看吧,,,
7770,439755怕怕啪啪啪怕把啊啊啊吧,,,
7775,没注意看尺码表，s对应中国s码，收到后才能知道s是 165 88A的！本身健身，174cm67kg穿上变成紧身衣了！亚马逊尺码表就不能写上s或者m对应的具体参数？s165 88A的！,,,
7779,(? &bull;?_&bull;?)?,,,
7789,和超市买的一样,,,
7794,　　296.以后买东西再找你,,,
7801,送的这些用不着，没有什么意义,,,
7825,送过来的时候要死了，不知道能不能养活,,,
7829,.........................,,,
7839,"我在京东买的手机,为什么没有发票？",,,
7842,还没开始 用，不知道效果如何,,,
7844,勉强只能给一星了，送的东西就这样吧！,,,
7856,听不懂人话。。。,,,
7873,afsfasfasfasfasfasfasfasf,,,
7896,啦咯上去咯女书记1路路通,,,
7905,还没有用，但是连个封口的都没有，一打开就有一大坨在外面。,,,
7908,一套还用分开评价吗,,,
7910,乐乐乐乐乐乐,,,
7915,冰箱的工作声音较大，经海尔售后上门鉴定，找京东平台换一台。,,,
7917,还没用，使用以后在来评价,,,
7918,屁都没,,,
7933,右边耳机没有声音,,,
7936,没有效果，而且买的第二周就又降价了，，,,,
7938,给婆婆大人买的生日礼物,,,
7939,妈的，现在都还没有到,,,
7940,"安装费要了 700 多,每次都加管, 真心不想说啥了,懒得退货就接受了,最后一次买你们家空调",,,
7954,说好的买耳机送这个送到哪里也不知道,,,
7959,我买回来的时候已经接近保质期了,,,
7961,以后还是买京东自营吧,,,
7962,！！！！！！！！,,,
7971,声音大,,,
7996,12月3号收到，试用后虽然有玫瑰香味，但不是想象中的纯纯的玫瑰香味，而是感觉怎么有股花露水的味？？？,,,
8007,我还没收到货本来货没到被了点了已收货 还请公司查看,,,
8015,三天上面的边框就已经脱漆了，再没有用！,,,
8021,还没用过！！！！！！,,,
8024,给朋友买的，还没用。[追评],,,
8034,！！！！！！！！！！,,,
8037,有异味,,,
8038,我1朋友用这个；羡慕啊！我自己是用不起啦~~~~~~,,,
8047,买不到6-10呢，感觉不如直接买1-10啊，能退吗,,,
8055,表外有掉漆,,,
8060,没有盒子的，是单支销售的。我买了一盒三支也没有！,,,
8080,怎么又涨价啦?，还一下子涨了好几百?,,,
8083,我擦，我以为是韩束，结果是韩后,,,
8085,辣鸡辣鸡辣鸡,,,
8123,防水吗？？？,,,
8129,买了拍了一段时间就出问题，刚满15天就送去维修了，又没法退换，还有价钱也降了500。现在机器还在佳能维修，还没拿回来,,,
8138,现在还没装。。先评论物流，还帮忙送到家里面，,,,
8152,123456,,,
8156,敏感性肌肤别用，我用一次，脸上一片一片的红。不敢用了。,,,
8157,年前的定单前天才拿到，瓜子的质量大不如以前了，炒太老又颗粒太小，总而言之不如以前。,,,
8159,不知道   没送,,,
8166,送的，不说了,,,
8183,买来送妈妈和婆婆的,,,
8192,手机能打电话！可是充电！  充了一夜没有提示啊？满了没有,,,
8193,送了读卡器，不过这张内存卡的确只有14.42G，,,,
8211,现在才来评价不好意思啊，手机已经用了两天了，没有出现什么问题。希望以后也不要出现问题。[追评],,,
8212,2016年1月22号下单付款，当晚湖北鄂州仓库发货，1月25号收到。秒杀价格是69，2瓶750毫升，一瓶300毫升。,,,
8221,没法一边读取数据，一边充电，达不到我的要求。。,,,
8224,                 嘿嘿,,,
8232,正等待九月军训的试验,,,
8242,没有发现缺点,,,
8245,剪都剪不动,,,
8247,***货一件,,,
8256,不要卖,,,
8259,根本就没看见螺丝刀~~~~~~~~~~~~~~~~~~~~,,,
8265,嘿，还搞笑的很啊，根本没得东西啊！,,,
8266,太小家子气了,,,
8271,这个价位和这个东西很配，但是不是我想要的东西。,,,
8276,用了几个月才来评价的,,,
8284,以前买过，这次的一直没用呢，被老妈放起来了。,,,
8289,买的是32G 实际上就只有27.8G 客服还找不到 让我怎么说呢 本以为大品牌&hellip;&hellip;,,,
8296,售后服务有收费，刚装上也不知道质量怎么滴,,,
8297,没用,,,
8298,只有29呀&hellip;&hellip;&hellip;&hellip;&hellip;&hellip;&hellip;&hellip;&hellip;&hellip;,,,
8306,包包太小了，没什么用处，,,,
8312,有点小了,,,
8321,这单不谈了，11月20号买的，12月14号还没到手，发了第三次快递。,,,
8325,给妹妹买的，第二个了，就是没得优惠[追评],,,
8326,怎么没耳钉,,,
8336,电池装上去用了3小时就没电了，充一晚的点，只能用半天，还不如不换,,,
8340,声音太大了，豆渣又多,,,
8345,才穿第一次就发现这东西，质量简直不可恭维！需要买这家的东东请慎重考虑！,,,
8350,"质量真伪有所疑惑,因我长期使用沙宣,惟独这一次洗完头发后头皮屑相当多???????????????????",,,
8358,擦镜头用的,,,
8366,我年前买的，说两万 只够充一次手机。我希望商家别要这样骗人。,,,
8386,"(主板的缩写)这是USB3.0U盘的速度?骗子,一分也不想给.",,,
8406,每次称都不一样！！,,,
8423,还未使用，不知效果如何。,,,
8424,1期,,,
8454,就是没有蒸锅,,,
8457,塞耳朵好像没什么效果，不隔音,,,
8461,加浓版花露水加痱子粉的味道,,,
8464,"我地摊买的16G闪迪都有14.78G,为什么64G的一下少啦4G,求解释",,,
8499,脱水脱不了，老是甩不到,,,
8508,这声卡怎么调啊 ？不会啊,,,
8511,就这样吧！一分钱 一分货！,,,
8513,哎3333333333333,,,
8526,是我要的感觉,,,
8539,怎么还没送到，是不是不发货啊,,,
8540,根本就没收到赠品?,,,
8544,感觉没什么作用 里面都是一粒粒 沙沙的 建议者慎拍！,,,
8545,比想想中要小，跟充电器一样,,,
8576,给朋友带的回头追评,,,
8581,箱体只贴了一张金幻字样的标，灯里面没有任何有关金幻的字样,,,
8584,二次销售,,,
8588,简直辣鸡,,,
8590,试用中，待评价[追评],,,
8598,产品真不错!顶顶顶顶顶顶,,,
8600,没什么特别的，反正不会回购,,,
8603,什么啊，都不能用，什么鬼东西,,,
8605,什么送货速度吗，,,,
8616,一言难尽啊,,,
8618,老牌子，信懒的牌子,,,
8629,没有发票   保修单  说明书，还不是原装的，也是没谁了,,,
8630,老布特 木糖醇早餐奶香面包 320克,,,
8635,现在京东的服务越来越好了，买个饮水机都是加上水试过了的，机器里面都还有水,,,
8636,今天刚收到，还没用，期待效果！,,,
8637,声音小，但扇风的时候有点气味,,,
8638,只想知道送的初露是干什么用的,,,
8648,麻蛋的，现在都没看到货,,,
8651,答应寄，又没寄,,,
8656,什么鬼，没有我要的刻字,,,
8657,老牌子不一样就是不一样哦,,,
8661,4好好好好好好好好好好好好好好好好好好好好好好好好好好,,,
8671,这个真不知道该怎么评了，小毛巾一直没给，给的那种海绵擦，又重新发了一次，说是给补上毛巾，结果收到的还是海绵擦，第三次的补发不知道结果呢，都一个周了，等等看吧。,,,
8678,我还没用，日后再评,,,
8682,很柳林家老家叔叔阿姨爷爷奶奶都不,,,
8687,和在台湾买的不一样，敷上去的感觉和效果也不同。,,,
8688,为啥我买了四个你咋子只给我发了两个,,,
8689,老是让评论，评个毛线啊,,,
8694,差评、欺骗消费者、明明写赠送卷笔刀、收到后什么都没有、还一次买了18份、京东客服还不接受退货、说要自己付运费、垃圾,,,
8696,。。,,,
8704,?&hellip;&hellip;&hellip;&hellip;,,,
8708,用了没几次 外面的金属电镀层就有点掉了,,,
8715,洗了后没效果。并且头皮屑非常多！,,,
8727,买了两个，其中一个会漏水,,,
8731,。刚拿到手吧，用后才知道,,,
8735,价格，，，，，，，，，，，,,,
8740,京东物品全部拒收！,,,
8748,...........................................................,,,
8759,显示是2018年5月到期，可是打开来用没有玫瑰的香味，挤出来也很稀，感觉和以前专柜买的不太像。,,,
8762,。zzzzzz,,,
8783,送给舅舅的，舅舅说不透气～抽支烟累死人&hellip;&hellip;,,,
8785,一点都不制冷，能退货吗,,,
8797,感觉标像后贴的、不是原产的,,,
8820,。。。。。。,,,
8830,oooo,,,
8837,感觉没什么作用，车内的气味散不掉。。,,,
8840,赠品。,,,
8855,味道大,,,
8864,"激活过程向耍猴,对客人不尊重!!!!!!!!!!!!!",,,
8869,1.11E+16,,,
8876,也就那样,,,
8881,还没用呢,,,
8882,不咋样,,,
8883,飞啊飞发分嘎嘎人人狗头人,,,
8884,不知道好不好，还是去专柜买算了！,,,
8891,"这手机字还是太小了，而且不能上wifi,没有语音播报功能。",,,
8897,买回来不能用，还买了两个???,,,
8908,货没有到。,,,
8912,没用一直搁着,,,
8932,5片全用完了，没什么作用！,,,
8949,给妈买的，以前的红米确实该淘汰了,,,
8960,唉～这种商品生产出来也是为了赠送,,,
8962,和国外版的香味使用感觉都不太一样,,,
8964,现在也没怎么用，[追评],,,
8970,是我想要买的类型,,,
8974,美版5S A1533原装耳机用不了,,,
9001,海尔的重心不在小家电........,,,
9002,一分钱一分货。。。,,,
9008,没有种出??????????,,,
9012,这快递我也是服了。。。,,,
9025,东西收到了,,,
9026,还没有喝，应该是真的,,,
9036,配的充电器不能用。充不上电。解决,,,
9051,没吃呢,,,
9052,老人机。。。。,,,
9053,还没有用，嘿嘿,,,
9056,怎么没有充气设备？？？？？？,,,
9062,没有用的|东，5555555555,,,
9067,没配点锁心润滑粉,,,
9077,未拆封，期待装修完毕！再安装,,,
9093,?,,,
9097,一点效果都没有拖拉机了,,,
9100,??????????????,,,
9104,真心的没什么效果。。。。,,,
9110,你们找的物流太慢了二十多天都没收到最生气的是我还没收到货那边就显示已经签收了,,,
9115,说好的赠品呢,,,
9137,这个真是酸奶机吗？插上电没点反应水半天还是冷的,,,
9149,有时候会乱叫,,,
9161,打开包装盒，瓶盖没有密封，还残留一小块密封贴，是打开过得意思吗？！,,,
9164,?好好??好好??好好??好好??好好??好好,,,
9184,还没有用，用过以后在评价。,,,
9190,洗了一段时间，发质没什么变化，感觉比不上二十块钱的洗发露。,,,
9198,配合同系列其他产品一起用，似乎好像有点美白效果,,,
9208,老掉啊，吸不住,,,
9215,水货，商品跟自己介绍的信息都不一样,,,
9218,买了回来一直用电池......,,,
9221,没有使用过所以也就不存在心得了不是我不想通，是我不会用啊！悲催了,,,
9224,西域良品黑加仑葡萄干 238g,,,
9245,劝大家不要在京东第三方买东西，不年不节的第八天才收到货。,,,
9253,不要信客服的，从开始到结束都是骗子,,,
9256,立不起来、自己回落、已退货,,,
9259,也就值这个价啦，一分钱一分货,,,
9270,是社会活动黑白颠倒经济上开发减肥能否能否减肥,,,
9306,还没充就没电了。电量是虚的,,,
9307,买回来之后发现好像不能用在电脑上。。。,,,
9320,宝贝刚到手，正在使用中。,,,
9330,这个面膜感觉跟店里买的不太一样,,,
9353,为毛灶具没送来，就给我订单完成了？,,,
9363,用了一段时间了，洗不了多少灰尘就吸不动了。,,,
9368,买来还没用到不知道效果咋样，到时有问题的话再来追评吧,,,
9375,还没有试过，以后在评论,,,
9392,怎么有个角沾不住,,,
9395,制冷时 两边发烫过度,,,
9405,????,,,
9420,刚买完两天就降了*！京东补差价吗？,,,
9421,还没用呢，等用了再说吧,,,
9425,太暗了  基本没有亮度,,,
9427,南宁的，产品发到长沙了才转回来，8天才到。。。。。,,,
9431,不知道有没有荧光剂，,,,
9433,凑单买的，还没使用。。,,,
9453,少了一半，被送货员吃了么？,,,
9457,呵呵呵呵呵呵呵呵呵呵呵呵,,,
9463,太小了，还均码呢，只能给小孩子穿，上当了！想买的小伙伴当心！,,,
9467,没有任何包装，并且打开盖子后都没有封口，都不敢用,,,
9468,好的。。。。。。。。。,,,
9479,货没收到就让我签收？我等着给我答复，有感觉上当的感觉,,,
9513,中间根本不是软冻的，只是比急冻稍微软一点。客服说是软冻不结冰，海尔售后打电话说只是比急冻温度稍微低点。,,,
9516,这个价位   感觉就是这样吧,,,
9523,作用不大,,,
9525,金士顿（Kingston）8GB Class4,,,
9528,给妈妈买的，很满意哦,,,
9530,三无产品，无说明书，无质保卡，还难装,,,
9534,感觉不到它的好处。,,,
9538,1??！在一一、收到后发现,,,
9548,视频只能在一个星期内观看，什么玩意啊,,,
9551,东西没收到。现在不想要了。,,,
9586,今年是的吧信念就是爸爸售出,,,
9612,说好配漉网的，骗人的,,,
9615,用不起,,,
9629,我问问工厂用的平时成绩,,,
9630,好得很哦哈哈,,,
9633,用了一段时间，一点风力都没有,,,
9641,质量跟地滩70元你无区别 送的东西也没有,,,
9644,是真的哦,,,
9646,物流早就到了非要我打电话去才送来,,,
9648,买小,,,
9657,和在台湾买的不同，水份少一些，而且面膜没有一张塑料衬膜。,,,
9660,嗯。。？？？？？？？？,,,
9673, =-=这个价机子基本上全新吧=-=不过店家人还是不错的=-=[追评]习惯性给好评的、但是这个店家手机OLED屏幕出现氧化问题居然否认是屏幕的质量、拒绝保修,,,
9674,不知道是第一次还是质量问题，只能给3000多容量的电池充一次多一点,,,
9683,现用一段再说,,,
9685,不知道是不是我使用的问题，总觉得声音不大,,,
9687,根本就没有耳机,,,
9691,囤货，囤货，囤货。,,,
9718,这是变频空调希望能省点电，家里用的装在水果房里面用来控温的,,,
9735,用了两天，脸上起了好多小疹子！！！！,,,
9739,快递还要自提，我也是醉了。,,,
9751,测试一下，一会儿改先给个评,,,
9753,大品牌一直用它,,,
9758,**哦家具头呢加绒裤诺克磁器哦累来PK所,,,
9761,十余天前买中频治疗仪的赠品，气打不进。今天检查，发现中间的一根软管不通气，用打毛线的竹针疏通后才解决问题。,,,
9775,没用呢，后面追加评论,,,
9776,会呼吸的数据线，停止呼吸！,,,
9778,老婆适应能力为了李若彤,,,
9780,不知效果如何,,,
9791,这个称没有别的功能  只能称个重量,,,
9794,给妈妈买的，还没有使用。用后再来追加评价...,,,
9795,",,,,",,,
9797,我买的书自己还没看完借出去有去无回！！！生气！,,,
9819,感觉这个套子就值*,,,
9822,跟图片不一样。,,,
9835,dddddddddddddddddddd,,,
9857,真怀疑你们快递是闹眼子的！,,,
9860,干性发质 用过资生堂的都觉得头发干干的~就算加了护发素也总是打结~,,,
9864,不知道效果,,,
9870,说好送三个奶嘴，只看到一个，,,,
9892,ihsihishisnjnsjnsinsininsinihwis,,,
9942,没用的东西,,,
9954,刚到，用了再评,,,
9956,大厦法定谁发的是发生的水电费阿萨德的说法啊发大水,,,
9965,送人了 然后她洗了之后就褪色了 像一样的颜色,,,
9977,图跟实际收到的实物有偏差,,,
9979,还没有使用，到时候追加吧。。,,,
9990,我只想知道封口贴为何有两层？而且里面的一层和我撕开外面的缺口不一致！不是说是原封么？,,,
9997,哎！都不知道怎么说了，,,,
10016,就是这样吧,,,
10030,同一天买了两套  这套收到了  另外一套显示的待出库  不懂物流到底是怎么回事...,,,
10032,废话太多,,,
10034,500子之间哈哈哈这就是500字,,,
10039,、在京东买的第5部苹果手机。,,,
10050,别的不想说 只想告诉大家现在买到过年能不能收到货要看运气好不好,,,
10057,感觉跟图片相差太大了,,,
10064,老子刚买就降价，机子没问题,,,
10079,一点效果没有,,,
10089,用了几回感觉声音没对！！！,,,
10092,纯塑料,,,
10093,?。?。?。,,,
10098,电视清晰度差一点，,,,
10099,没有耳机,,,
10103,味道不同之前我用的，形状也不同。,,,
10118,&Sigma;＞D(灬?д?灬)?DDD＞&Sigma;＞D(灬?д?灬)?DDD＞&Sigma;＞D(灬?д?灬)?DDD＞&Sigma;＞D(灬?д?灬)?DDD＞&Sigma;＞D(灬?д?灬)?DDD＞&Sigma;＞D(灬?д?灬)?DDD＞&Sigma;＞D(灬?д?灬)?DDD＞&Sigma;＞D(灬?д?灬)?DDD＞&Sigma;＞D(灬?д?灬)?DDD＞,,,
10123,冷藏柜格挡少，应该再增加一个。,,,
10131,太小了，好像一吹就倒。,,,
10144,噪音太大,,,
10150,刚收到，先用看看吧,,,
10157,非常好的东西,,,
10166,一拜拜,,,
10195,收到穿了个洞。,,,
10221,到货后镜面花的，夹脑袋,,,
10226,生产日期是2015年 怎么说是三年陈茶  清解释,,,
10237,我在莲卡佛化妆品买的，然后收到了三无产品，联系了你们，你们坚称说是从美国直接进货过来的，商品信息已经写明了产地美国了，那我反问你，产地美国的东西放到中国专柜上卖，产地就变中国的了？商品上面有效期什么的都没有，然后我查了下批号，是2010年的货。,,,
10238,跟超市卖得一样价钱。,,,
10239,&hellip;&hellip;帮别人抢的，反正我不用小米,,,
10244,。？？？？？？？？？？？？？？,,,
10264,衣服买回来 穿了两天 皮子全裂开来 我让他们换 他们不给换 还说时间过7天了,,,
10277,只有一个替换装，没有外壳的，文字介绍里没有一个字注明，唉！,,,
10282,恩,,,
10308,电池不保电一天都保不了,,,
10310,还没用呢？还不知道好不好呢？,,,
10313,镜片有刮痕,,,
10316,太淡了，不是很润。,,,
10325,太大了,,,
10327,试用中.[追评],,,
10328,。,,,
10330,送的东西没一样好的。,,,
10341,香味不如超市的 好像渗有其他的洗发露一样,,,
10346,13号下午2点下单，22号中午才到。我就不说什么了。别说过年件多，我之后买了好几件东西都到了，京东就不管吗？,,,
10352,怎么充电没充电线，就一个主机呀，,,,
10353,插携带音响的，颜色音响一样,,,
10359,纸箱里有几个空气袋，但瓶子外面没包泡沫纸，打开时洗发水都洒了。亚马逊这么大电商不该犯这样的错误,,,
10368,生产日期花了，包装也没有,,,
10377,有按摩粒子，去污特强。,,,
10380,怎么，还没到呢真慢,,,
10400,京东发货不是送货上门还要跑去取,,,
10413,用了几天就充不进了,,,
10421,灯罩一转就掉!,,,
10443,有什么用？这个是什么玩意啊,,,
10446,跟我之前店里买的一样的，就是收运费有点不能接受哈,,,
10455,应该是真的伊丽莎白雅顿，不过不是进口的，是专柜使用的试用装，没有封膜封口，收到时膏体都流出来了,,,
10463,帮别人买的。。。。。。。。。。。。。。。。，,,,
10495,话说这玩意用了后开车会不会被查酒驾？一股子酒精的味道,,,
10505,&amp;:*********,,,
10517,有芽的干枝，还不知道什么样子,,,
10541,我是第一次在这个店里买东西，不知道是店家的原因还是快递公司的原因，东西就是迟迟没有收到，也查不到物流，害得我都每天找客服，找的我都不好意思啦！后来店家就说给我重发一个，我刚刚才收到货。东西好不好就要待用过了之后才知道，我就不再废话了！,,,
10553,电脑、照相机等数码产品除尘用,,,
10557,怎N]有下表п。,,,
10580,布料不咋样,,,
10587,感觉不太会使用，控制比较难，而且飞行一次要冲一次电！不建议购买！,,,
10588,&amp;quot;买小了[追评],,,
10596,商家居然给我发的货是2013年4月的，不带这样的好不好！！！,,,
10605,跟之前用过后的不一样，洗发露像洗发膏一样，倒出来一点流动性都没，怎么会这样呢？,,,
10606,缺少电源线?，请商家看下怎么解决,,,
10615,现在使用后没有什么问题，看以后怎么样了,,,
10620,快快快快快快快快快快快快快快,,,
10621,没有数据线，没有说明书。,,,
10627,还没有使用，以后再评。。。,,,
10633,***货，7.23号下的单28号拿到手开始用，8.3号就开不了机了。拿到附近的华为维修点说是进水了（之前在网上查了之类的情况用户们拿去维修点都说是进水了我就纳闷了只有华为手机这么爱进去吗。）华为手机还是不可信，也就这一次了。,,,
10637,美的（Midea）微波炉 大火力旋转加热 M1-211A 21L白色,,,
10648,送的，没用过，，，，，，，,,,
10650,我都没拿到货怎么就已签收了。这么久了，骗人的吧！,,,
10667,专柜买的有说明书，这个没有，买的时候1100多还没收到货的时候，就降到800多,,,
10675,希望标明是不是转基因花生。,,,
10682,这几个洞和夹子就是多余的，妈的，,,,
10684,物流 你好拧 说好早上一早。不上班等着你。结果你跟我说你等着吧。12点给你。 我就呵呵一笑    电脑没啥问题。就是物流有点,,,
10699,差差差&hellip;&hellip;&hellip;&hellip;,,,
10703,说好的自动断电呢？实验了两次，都是烧到焦啊！！,,,
10713,什么效果都没，痘痘还是一样，液体很稀。不会再买第二次,,,
10740,收音机不充电没信号,,,
10762,不能充电，不能用，申请退货了，还没消息,,,
10764,效果看不出来，挤出来的时候有油…,,,
10781,了解了解了解了解了解了解了解了解了解尽快,,,
10782,用后再追加,,,
10786,没收到货，骗人的吧,,,
10806,洗面奶中含有杂质，像是沙子之类的物质,,,
10815,图片是银色的，怎么我拿到手是蓝色的啊？换包装了吗？ http://www.amazon.cn/%E9%AB%98%E5%A4%AB%E5%87%80%E9%80%8F%E6%8E%A7%E6%B2%B9%E6%B3%A1%E6%B2%AB%E6%B4%81%E9%9D%A2%E4%B9%B3120g/dp/B00499C5BU/ref=pd_sim_beauty_cnclic_6 和这支是一样的，但标示不一样，没有泡沫两个字，但英文标示一样，我晕啊,,,
10817,你们T送快递的  让老子们过去找？ 什么几把服务,,,
10826,这是赠品，没有收到，厂家艘徊,,,
10827,和机型不搭配，哎！蛮用下好了！,,,
10831,因为是换货，把赠品都给换没了,,,
10841,试纸颜色较难分辨,,,
10863,刚开始用，感觉应该错不了,,,
10867,包装没包好。送来沐浴乳都洒了。,,,
10868,。。。&lsquo;哈哈&rsquo;,,,
10873,没用呢,,,
10884,等用过再说吧！,,,
10886,call咯考虑吐了咯摸摸越狱兔啦咯了来咯得打包括ment,,,
10888,"商品名写着10000mA,输出却是6500mA.室友小米专卖店的10400mA,输出也是10400mA。第一次用京东，原来快递到达代收点用户这里就会自动确认收货。也没有客服和售后服务。",,,
10900,要想在冬天收到  请在中秋时节下单！！！     你就会收到一条女士打底裤！！,,,
10902,为何都无标明是几位？,,,
10908,有点感觉不像真的，和商场买的不太一样,,,
10926,买了 一个月了 用了几次 就是没泡沫 感觉不咋样,,,
10933,连续用一个月了，皮肤没什么变化,,,
10940,??vivo X9s Plus 全网通 4GB+64GB 磨砂黑 移动联通电信4G手机 双卡双待,,,
10948,奶粉有香味，应有香精。先吃着吧。,,,
10961,大小还是有一定偏差的，6Splus没对准口,,,
10963,不上色，。一点都看不出来染过的，说明书上写的半个小时就能洗掉，结果一点都不上色，我第二天又染了一次，等了两个小时才上色了,,,
10964,三天就没电了。。。。。。,,,
10970,yban!!!!!!!!!!!!!!!!,,,
10975,我要的是红色的，收到的是粉色的，商家怎么解释,,,
10979,怎么到现在还没收到货,,,
10987,行吧呃呃呃呃呃,,,
10988,我怀疑买到翻新机了&hellip;&hellip;京东，你也是够了！,,,
10989,老煤油啦，没什么可说的,,,
11004, 没给开发票 没给开发票 没给开发票 没给开发票 没给开发票 没给开发票,,,
11006,现在还不知道用得怎么样 以后会继续来评价的[追评],,,
11009,看看这是什么呀！能载活吗？我也是醉了！,,,
11016,让孩子学习动手，培养动手能力！,,,
11030,两袋有一袋不是真空的。,,,
11035,涂了一整支，弹力纹完全没变化……,,,
11039,，,,,
11047,没有图片上说的白,,,
11060,不合手机 希望改善&hellip;&hellip;&hellip;&hellip;,,,
11061,哈哈哈哈哈哈哈哈哈哈哈哈哈哈,,,
11069,*****-,,,
11071,扔了<br/>自定义标签<br/>请填写1-5个字，两个数字或字母算1个字,,,
11072,这是神马情况？我还没有用，就成这样了！这就是你们卖的东西？请给我一个完美的解释！,,,
11074,说好的赠送白板笔，白板擦之类的，什么都没送。,,,
11075,？？？？？？？？？？？？？？？？,,,
11081,掏包版才*不想说啥了,,,
11084,实物实在太小了！&hellip;&hellip;,,,
11086,这个世带尖的，扎我三次，,,,
11090,基本上没有用过</br>，哈哈</br>,,,
11093,掉漆,,,
11104,邮寄货品里面没有发票，为什么反应几天了都没有人回应？！！！,,,
11107,不防指纹，屏幕全是指纹,,,
11142,1 件： Laneige兰芝全天候防晒精华露50ml(特卖) 1 件： 青苇纯棉靠垫*2个 四叶草绿 2 件： 乐扣乐扣袜子收纳盒（棕色）6.5L LLB126C 我是以上|西一起I的，到r只lF|西，靠垫和收纳盒，找碚胰]有lF兰芝全天候防晒精华露。怎麽k？,,,
11153,&hellip;&hellip;&hellip;&hellip;&hellip;追加评论&hellip;&hellip;&hellip;&hellip;&hellip;&hellip;&hellip;&hellip;。。,,,
11157,去怪快递吧，东西到了不打点话给我 还是我打电话去问的 自己去取得,,,
11177,买50双只发45，这样的信誉？,,,
11187,没有看到日期，没用过店里买的，先试试看,,,
11193,不想说什么，物流整整二十天,,,
11209,手机壳不打不小刚刚好很好很好看红色闪亮亮的太阳下照也很美性价比很高值得购买,,,
11210,放在洗澡盆里泡澡了，用在脸上起干皮儿，用在身上没感觉。,,,
11215,&hellip;&hellip;&hellip;&hellip;和照片差距有点儿大，美颜了吧,,,
11238,完全没什么卵用,,,
11253,是真的。激活的时候有通话时间就不知道是怎么回事了。,,,
11256,老人机~~~~~~~~~~~~~~~快递块,,,
11257,第二次就不能用了,,,
11261,京东你欺负人，收到货不给退货！也不给上门取件，非要扣钱！有的东西不是自营也写zy,,,
11266,开关也不讲单控双控，买来后不能用,,,
11276,一星都不想给,,,
11310,看图片上送一大堆东西，收到后只有三本书,,,
11328,不配套啊，比屏幕小一些,,,
11331,猫猫 不太感兴趣，猫猫还是带毛的玩具，橡胶的无爱,,,
11336,橘子味，还不是橙子味，精油滴到手背上是黄色的。,,,
11364,打工的阅读发个欧豪欧豪普及普及还看吧,,,
11366,打钉力度不合理想,,,
11369,。。。。。。。。。。。。。。。。。。。。。。。。。。。。。。。。。。。。。。。。。。。。。。。。。。。。。。。。。。。。。。。。。。。。。。。。。。。,,,
11371,太大,,,
11376,感觉一点用也没有,,,
11377,不怎么的！1cm的木板都钻不穿！,,,
11385,一个膜中间有个小圆点最近才用<br/>,,,
11397,有没有硅油并没卵用的感觉,,,
11409,眼镜有种味道,,,
11426,下回要买不锈钢的大点的！,,,
11439,天冷了，赶紧买个，办公室凑单，每个颜色都买了,,,
11454,网上公布手机背后的图片是全白的下面有个酷派的标志。购买收到的手机背后标志不一样，多了一个移动的4G图标，手机后盖颜色也不一样，手机竖着录像的视频，不能竖着播放，播放时视频变小了，而且还是小的横屏。,,,
11457,洗发水洗了头发感觉干干的。,,,
11463,什么鬼。。涂了第一天都没做什么然后起了一堆皮，请告诉我这个甲油有什么鬼用？！,,,
11469,给我儿子买的,,,
11481,1111111,,,
11490,是没有激活的，保修到明年2月份[追评],,,
11491,???!(???????????!(????????,,,
11496,还凑合吧！,,,
11502,十五天才送到,,,
11503,味太大了，根本就不是店家描述的那样！,,,
11505,介绍上说闭合休眠，反正我的电脑上没有发现。,,,
11507,根本就没送我，好不好,,,
11509,1.11E+13,,,
11510,(???)?????(???)?????(???)?????(???)?????(???)?????(???)?????(???)?????(???)?????,,,
11512,&yen;）就会）hfhj,,,
11515,"收货时没有打包的,还有点碰坏包装，京东的快递也真是每次都只送到汤坑大门",,,
11540,声音小，电量少,,,
11547,真是一分钱一分货 粘都粘不紧，手机都抬不起来,,,
11559,一点没有效果，都不要上当受骗了,,,
11581,头丢了,,,
11583,不是咋好的,,,
11597,这个我不想说什么,,,
11621,这是帮朋友下的空调，这是我接触长虹品牌第二台用了一下，但制冷效果不是很理想。,,,
11628,带的包不中意,,,
11629,我就呵呵。。,,,
11634,现在用着拍照都好方便。家人聚会都少不了它,,,
11639,除了{在脸凉凉几呼没见有任何效果,,,
11646,??(@&omega;A*)???(?&ograve;&omega;&oacute;?)?,,,
11651,退货了,,,
11659,",&hellip;&hellip;&hellip;&hellip;",,,
11667,居然含有白砂糖。不是说纯天然么？,,,
11671,非常y吃的面，y吃,,,
11675,现在小屏幕配置高点的手机除了苹果就是他了，没其他选择！,,,
11685,索然是套装，但有的还是不配套，,,,
11687,16号买22号才送到,,,
11689,&hellip;&hellip;、、、、、、、、、、、、、、,,,
11690,第一次I@香型，f不知道是神R味道的。,,,
11707,打印了不到一百张就没墨了，说好的两千页呢？,,,
11711,还没用，用了再评价,,,
11717,买的时候为了祛痘，等到我手里，我脸上的痘痘都没了，为什么是邮政,,,
11725,铃声太小了老人有时听不到,,,
11728,感觉好像质量有点问题，用着跟之前的不一样，不敢用了，，，，，,,,
11729,。。。。。。。。。。。。。。。[追评],,,
11731,老人用的不知道用的怎样,,,
11734,怎么评价呢，东西收到了，还没用，就是京东的发票是骗人的，任何东西都不给开票,,,
11739,少发了两张草绿色,,,
11746,不是说好的红米NoTE吗？,,,
11748,不是很懂，感觉还凑合吧,,,
11762,都是根，，，，，，，，，，,,,
11767,红肠里面大部分是淀粉，有上当受骗的感觉,,,
11770,一直买的就是这个牌子，,,,
11773,买到了，却不会使用。,,,
11781,一直在使用这个品牌，不过是第一次在网上买，希望是正货！,,,
11784,草他吗，我下完订单后10分钟点的确认收货，以为京东信誉提前点的确认收货，没想到钱花了货没了！！,,,
11791,(⊙o⊙)&hellip;(⊙o⊙)&hellip;(⊙o⊙)&hellip;(⊙o⊙)&hellip;(⊙o⊙)&hellip;(⊙o⊙)&hellip;(⊙o⊙)&hellip;(⊙o⊙)&hellip;(⊙o⊙)&hellip;(⊙o⊙)&hellip;(⊙o⊙)&hellip;(⊙o⊙)&hellip;(⊙o⊙)&hellip;(⊙o⊙)&hellip;(⊙o⊙)&hellip;(⊙o⊙)&hellip;(⊙o⊙)&hellip;(⊙o⊙)&hellip;(⊙o⊙)&hellip;(⊙o⊙)&hellip;,,,
11792,多收了20块钱！！！！！,,,
11798,电容量没有20000,,,
11802,跟图片差点有点远。。。没有图片的颜色亮,,,
11832,还是不怎么吸水,,,
11834,味道能够接受，只是完全没有效果,,,
11836,"我觉得这个就没有10000MA,收到货时是一个灯亮，按照说明说是最多25%的电量，我用5V/1A（标称值，估计没有这么大电流，前段时间用六位半万用表测量过也就682.54mA。勉强就按1A这个值计算。）的充电器给充电，5个小时充满，也就是说只给充了5000mA，加上之前的25%=2500mA共7500mA。少了25%的容量呀！",,,
11851,买来直接不转了，质量让人担忧,,,
11860,价格便宜比实体店强多了,,,
11874,我要的黑颜色干嘛给我发红颜色的，发货的人一点责任心都没有,,,
11897,???????????????????????????,,,
11906,用了一个月左右，后面那块就斑斑点点的，退货又退不了，气死俺了,,,
11922,呵呵，刚买的就这样不想说这个质量。,,,
11926,说有淡斑效果，用到现在还没感觉，以观后效吧。,,,
11960,没有任何效果.... 根本洗不了脏东西出来?????? 用了没效果的,,,
11967,慢慢慢慢慢慢,,,
11972,没节操，把赠品拿出来卖钱。,,,
11976,赠送的，没用过,,,
11983,送货送一半，不送了 <br/>,,,
11995,hhhhhhhhhhhh,,,
11996,还没有使用，牌子不是特别出名,,,
12003,旅游,,,
12004,不～？ kllll,,,
12008,经常无服务,,,
12011,跟预想的一样,,,
12021,还真的布臭脚，说明买对了，谢谢商家&hellip;&hellip;&hellip;,,,
12023,是。这！。。？丝。。。！！乙。。。？一,,,
12057,京东速度！,,,
12061,戴两个星期就没声音了,,,
12062,什么东西都没看到啊，什么保护套,,,
12064,调大的时候和转向的时候，声音有点大,,,
12067,坐车一个小时就到的。快递&hellip;&hellip;深圳到东莞用了七天才到&hellip;&hellip;！？让人太无语,,,
12068,用了几天就断了,,,
12071,经常掉脚。。。。。。。,,,
12076,质量般般，反正是赠品，不要也是个送,,,
12080,嗯,,,
12083,货.是收到了，但没什么效果,,,
12097,以后还会买,,,
12121,这个吹风机质量不过关，还有就是吹出来风]有力度，我建议还是需要改进,,,
12131,上头哎一分价钱一分货,,,
12133,真懒得说话，**，图片传不上去,,,
12135,还没有用，,,,
12139,第二次买了。,,,
12147,京东超市】洛娃 富氧净多功能洗衣液套装1kg+补充装500g*9袋,,,
12152,这次上当，买的时候说是二级，结果寄来的是三级简直是故意。下次不会再受遍。,,,
12153,东西不知道怎么样,,,
12168,买的时候剩3见现在竟然降价了，，，，,,,
12171,皮带头都掉色了,,,
12180,一分钱一分货吧，就这钱就这货,,,
12183,没有捉到一只蚊子。,,,
12189,太懒了。。。。。。。。。。。。。。。。。。。。。,,,
12194,搞错了不能用了，呜呜,,,
12197,答应送的赠品没有！！！！！！！！！！,,,
12205,显示温度与实际温度相差10度    3天后又自动断电  申请换货,,,
12207,为什么送的贴膜是4.7寸的,,,
12208,用了和没用没啥感觉和差别,,,
12221,送的东西不够！  买了四包才送一包糖,,,
12222,送的还未用，，，，，，，,,,
12225,还没用~~不知道效果怎样,,,
12236,购物清单上是*实际我付*,,,
12240,这么大个。。,,,
12245,价格便宜，放在桌子上震动噪音有的大,,,
12247,还没来得及看呢,,,
12249,外包装是撕裂的，外包装是撕裂的，外包装是撕裂的，外包装是撕裂的，好像是别人退的,,,
12254,不是自己理想的颜色,,,
12262,凑单买的还没用，不知道怎样,,,
12268,京东没搞头   下次大家都别来了,,,
12271,后面再说,,,
12274,居然没xp驱动,,,
12276,腾讯游戏玩不了。。。。。。。。。,,,
12301,用的几天没有一点感觉了,,,
12316,。。。。。。。。。。。。。,,,
12319,给妈妈买的还不知道怎么样呢?,,,
12321,看的，回来少，说多了都是眼泪。,,,
12338,。。。。。。。,,,
12341,一些地方出现过这样,,,
12342,刚买完就降价这么多 呵呵,,,
12344,产品说有4200毫安，事实上只有2400毫安，骗人的！,,,
12347,刚买，还不知道有没有效果,,,
12352,小了,,,
12371,感觉上当，就是为挣快递费的，买两个也要收两份快递费，真不知道京东是怎么容许的,,,
12372,好好好好好好好好好好好好好好好好好好好好好好好好好好好好好好,,,
12375,全身都是塑料，除了屏幕,,,
12376,为什么我明明*买的冰箱，你发票上要给我单价写成*？谁能解释一下是什么原因吗？,,,
12380,实物赠品没,,,
12392,外壳上有个口香糖，漂洋过海的居然还在上面，我不敢用了，就扔了,,,
12393,这个东西不能用！没感觉到,,,
12403,太油太腻，凡士林的感觉，药用功效无体现。,,,
12418,黏黏的，但愿别起反作用,,,
12424,整块面都红了_(:з」∠)_~哎，果然za的东西一生黑啊。。。之前他的隔离越用皮肤越黑。。。,,,
12426,山寨版的如何说孩子才会听,,,
12431,我感觉它的辐射程度没有那么远,,,
12434,之前理想国译丛出的两本Kindle版《断臂上的花朵》和《没有宽恕就没有未来》都是排版极其糟糕，而且明明全是文字却有30M之大。这次的零年就没有这些缺点了，大有进步。,,,
12437,一直以来都用吉列的剃须刀、刀片和剃须泡沫或者ㄠ，真的说一句，男士最佳选择,,,
12456,小的超乎预料啊，送给别人家孩子打算，有点拿不出手了，小熊就是手偶啊，一点点,,,
12461,真不少呀，打开一看，原来是四套。,,,
12462,放了几天没抓到一只。,,,
12463,试用了，没有特别感觉。,,,
12468,倒水的时候老是沿着玻璃壶外壁往外洒,,,
12474,书中的内容写的比较系统,,,
12482,made in china 兜了一圈还是中国制造，害我还要关税费,,,
12484,外壳有刮痕 过保 翻新机应该是,,,
12490,怎么只有一袋催化剂！？ 不是说有4袋催化剂吗？,,,
12499,还是买书。。。。。。,,,
12511,吸不住，爱掉，只能退了,,,
12520,如题，还是有蚊子，最后还是用了蚊香。,,,
12523,刚开始用，薰衣草精油还真的有祛痘的效果,,,
12524,生产日期竟然是15年的,,,
12535,7×24小时供电的情况下 每天都会出现重启的情况,,,
12540,衣服5星，亚马逊描述0星，老外衣服一直是m，亚马逊你尺码对照表说我是啦，收到衣服一看大到天上去了。,,,
12551,很遗憾2011年9月2日收到的货竞然是产品出厂日期是2009年9月21日的，电量只剩一格。再说两年前的产品现在如何保修？,,,
12568,用了五次，底部漏水了。,,,
12570,10年的..现在都12年了啊,,,
12573,真的不是机油换了个盒子装？我发誓我是抹了一点它在脸上，当天就冒痘的,,,
12577,made in China 是什么鬼 多处线头炸裂,,,
12604,用了一段时间，感觉电池不是太好,,,
12620,央视一次节目的录影。本来想听苏三起解，结果只有大概两分钟的唱，那位老奶奶还用外语唱苏三起解，服了。,,,
12625,怨自己没看懂，是套儿，不是套。,,,
12626,牙齿没有变白，就当牙膏用了，,,,
12627,以后几章排版有点乱。 最后到结束还是有几个疑点没有解释。,,,
12634,描述里是防霉，搞不懂盖子和箱体结合处都没密封，怎么防潮防霉呢。,,,
12635,含有大量的荧光剂，想退单发现订单里没有退货选项。不知道能留着做啥呢,,,
12637,调到最高还是热度不够，其他倒是没有什么问题,,,
12638,孵出来了一只不能站起来的恐龙,,,
12639,给外甥买的，这个暂时还没用，在用小的。,,,
12645,BB霜特别少，用力按压都只有一点点液体粘到粉饼上，根本没有15g,,,
12656,杯子味道太大，还吸不出水，果断剪掉了吸管！,,,
12671,没有防紫外线层，不遮阳的,,,
12681,娱乐山寨，摄影也山寨了，艺术死了!,,,
12686,用了两个了只粘飞蛾，不粘蟑螂。,,,
12688,原来液体钙是这个样子的，这也叫液体啊…吃不下胶囊的我，打开胶囊更吃不下了…,,,
12700,仔细观察了下，毛边还是比较多的，自己用砂纸打磨了一下。,,,
12708,整一个女用跳蛋，你敢拿出来用？谁用谁知道！,,,
12719,虽感觉作用不大，但还是坚持在用，心理上感觉好些。,,,
12738,量大，但是味道比较呛,,,
12740,盖儿里面掉了几块茬儿。也不知道?是怎么检验的。,,,
12747,帮同事买的，之前买过一个,,,
12787,大概装错了，只给了一小盒。,,,
12800,"做为社会学来说,它无疑是本好书.",,,
12802,属于易耗品吧，用两个月就得换，而且还没有替换的海绵头，只能重新买！,,,
12807,但就是出水量大了些。,,,
12808,为什么没有生产日期和有效期,,,
12814,5星，希望下次能再多补充些内容。 继续补脑新一期《香港凤凰周刊2015年第34期 普京的叙利亚棋局》,,,
12852,刚刚收到货，第一次网上买的四件套，比想象中要好！,,,
12859,网上查了下，包装图片都不一样，而且胶原蛋白是京东一号店采购的，其他两瓶说是澳大利亚的，不知道能不能吃,,,
12864,"图片上看起来打, 实际没有那么大. 用一段时间后看效果再追评",,,
12883,与挂图的包装不一样。,,,
12894,希望配两个大转小的头子,,,
12897,效果等下次用的时候才知道了,,,
12906,倚老卖老，絮絮叨叨。 黄河青山和这本只能买一本。,,,
12917,生产日期14年11月11日有效期2年,,,
12920,感觉还是有蚊子。。。,,,
12929,凑单品，不过也是生活刚需,,,
12932,刚开始用，还不知道效果，期待中！,,,
12935,开了蚊子少了....,,,
12958,日期是去年的.9月.现在都7月底了,,,
12965,买了20对，一对一个塑料包装，就那样散着放在快递纸盒里，用的是天天快递，四五天才到。拆开之后发现耳塞表面有一层黏黏的东西有刺激性气味，不敢放到耳朵里。不过是拆开后才发现的没办法退了，钱白花了,,,
12971,不如国外的红宝书蓝宝书,,,
12980,真的只是习题，连个答案都没有,,,
12993,预计9月7日到，9月10日还没有到，是遗漏了吗？,,,
13004,不知道怎么样，还没用,,,
13022,我感觉没什么用啊，一直在用雷达，蚊子还是嗡嗡嗡的。,,,
13036,不如在网上看视频。。,,,
13045,粘了后穿了一个多月了，还未发现脱胶现象,,,
13050,想杀了亚马逊得心都有。 吃了之后内分泌全乱了，原来没有豆豆，现在出来好多，还有痘印,,,
13054,It is made in Mexico .NOT in US.I was a little disappointed when I found that out.,,,
13055,有股味道！和我买的另外3床3M的被子不同！估计不是用的同一种填充材料！,,,
13057,跟着糖爷买的第一罐Yankee candle，结果还是很令人满意的。,,,
13066,说了20粒的赠品，收到货没有，还各种说辞！,,,
13067,买回来，最近才开始看，中间居然少了30页，第一次买到这样的书，应该是装订时的问题,,,
13073,必须离嘴很近对方才能听见,,,
13082,敷了一次，感觉不补水，也不知道真假，不服帖,,,
13084,Prime会员到没有得到5折优惠,,,
13089,用用在看吗，暂时还是不知道效果呢,,,
13093,是那种短款的，量大的mm慎选。,,,
13096,不建议非专业人士自学,,,
13112,就这么一小片皮夹子，散味花了两天,,,
13114,在使用中，但蚊子仍有啊，在咬人呢。,,,
13120,没有什么好说的，就是这个样子,,,
13132,我开始以为是美国生产的，结果是国内生产的,,,
13165,描述说猫的全年龄段，但是其实这是成猫猫粮。。。。。,,,
13171,买一次电子书，竟然关联信用卡扣了我两次9.9元,,,
13173,收到了就吸上了，把洗发素什么的都拿上去了,,,
13188,和店里卖的一样，哈哈,,,
13213,居然只有4M/S左右的写入速度 拷贝大文件要急死人的,,,
13214,效果不是很怎样，无增无减,,,
13231,香港的 一点效果都没有 没有外包装 然后居然又一次送货 强迫再次买入,,,
13232,前面的章节完全没有实例只讲概念，初学者看了完全是一头雾水,,,
13234,太小了，手柄大的牙刷放不下,,,
13246,uk 站不到5镑的书，到了中国，一样的电子版，就赶要85…… 电子书跟纸质的不同，没有运输成本，请给我一个这样订价的理由。难道电子书的税跟汽车一样？,,,
13248,刺激眼，一用就流泪。,,,
13263,大学时候买的了 竟然还能评论,,,
13291,气味非常大，千万不要买,,,
13298,收到商品发现压蒜器外的塑料袋己被撕破虽然可以退货但耍自助寄回曰本国际运费还不知多少线太麻烦了以后曰本英国发贷的东西不敢买了,,,
13300,戴了11个月 框架铆钉腐断了 眼镜作废 ...,,,
13310,今天彻底完全不能用了，冲不进去电，七月六日到九月二十八不到三个月，期间也显示过未经认证，品胜这质量真服,,,
13319,效果跟我在商场买的一样。,,,
13322,中华人民共和国担保法配套解读与案例注释,,,
13356,拿到手回到家就给狗狗用啦 根本没有效果啊 用后的第八天 依旧在身上抓到几只跳蚤。。。。。。。。。。。,,,
13369,2014年12月生产的，2016年12到期，保质期还剩下9个月，太库存了。,,,
13375,嗯，怎么说，一分价钱一份货吧。就当买本儿童读物了,,,
13384,B本8-12课不能点读,,,
13385,打底衫第二次穿的时候发出撕裂的声音，一分钱一分货吧,,,
13389,买的油性，下次还想在一个谁送的试试,,,
13394,中间一个开关没有作用，关不了电。,,,
13397,洗面奶自带的外包装盒是破损的，不知道是剩品还是就剩这一个了。,,,
13399,退货了，根本不能刨丝,,,
13400,42件套装是21个盒子！！！21个盒子！！！,,,
13403,用完了，头发还是很爱出油，头屑还是那么多，没感觉任何减少。,,,
13408,一份价钱一分货，临时用用而已。,,,
13409,这是什么东西，连一份说明书都没有的产品，就一瓶东西，什么都没有，谁敢吃这东西。,,,
13413,商品如果临期，请标注出来,,,
13420,先买一个补充装，说不定哪天就用上了。,,,
13426,三本九分阅读都做完了 希望这次考试阅读能拿八分！,,,
13431,保质期到16年5月14号，两年保质期还剩四个月，还不给换不给退，继续投诉,,,
13433,价格便宜，磨起刀来还是有一定效果的。,,,
13446,没什么效果，只能使用看看,,,
13457,没啥内容。散文吧，算。,,,
13472,双包装是两个包装在一起的，送来的包装破损，两瓶满是灰尘，我称了一下质量，两个的质量还不相同，真的不知道亚马逊最近是怎么弄的，送来的商品的质量大不如以前，我要求亚马逊补偿我这几次购物的损失，谢谢！,,,
13483,机器大部分都是塑料，连蒸汽嘴也是，担心高温下会不会有有害物质析出，所以退货了。,,,
13486,瓶子没有封口的 还没用,,,
13504,货同图片一样，还未使用不知效果如何。,,,
13506,harvard law school is my dreamland,,,
13514,用了第三瓶了吧 无限回购,,,
13532,使用不到一周耳机就开裂，一个耳朵已经无法使用。,,,
13534,有点刺激，口腔灼烧感强烈，不太适应。,,,
13535,是J真刷牙，猿炙⒀溃固定看牙t比^重要。,,,
13537,"Very well made, a bit tricky to figure out but if you play with it, you'll figure it out, and then it will be super easy to load/reload tape rolls, as well as use to tape up boxes, etc.",,,
13540,还没有，备货当中，使用后再评价,,,
13557,不掉毛，孩子每天睡觉都要,,,
13588,应该是有人说的老款的，塑料的，只能变速没有振动模式，白色的,,,
13597,没什么味道，颗粒较大,,,
13599,整瓶有一半都是没法吃的果核，果酱味道极甜，,,,
13620,永发塑料电子有限公司出的?什么鬼? 购买的时候不会显示这个. 第一次购买没有比较. 所以保留意见.,,,
13624,其实我用任何东西都没啥大感觉,,,
13625,为什么一股浓浓的塑料味？不知道能不能用，闻着头昏！,,,
13633,说是吞拿鱼，可为啥有鸡毛的骚味？搞得我家猫咪闻了一下，没吃,,,
13645,拿到试了几分钟，之后就站不住，无论怎么试！,,,
13646,用了两周没抓到一个蚊子,,,
13650,没有效果，就是润滑油罢了！,,,
13654,一直用@牌子，感X不e，洗衣算乾Q,,,
13658,比电信自己的猫好多了,,,
13671,没几天电力机不转了，能换么,,,
13693,其实我好像换这款货，本人是油性皮肤，居然看错买了个保湿的。用了一次就不敢用了，吐血中。。。。。。,,,
13702,内容没啥说。可是寄来的书直接逼近“散掉”。能不能换啊,,,
13715,买了好几个了！老烧毁！换佛山的了。,,,
13718,书收到啦，需要开发票，但是根本就没给开，不开森,,,
13719,味道比较大，用塑料袋装起来了，避免污染。,,,
13720,用了一段时间，不吸水了，不知道什么原因,,,
13728,裤子太大太大了，平常穿M的，这个M完全有XL的感觉。。。本来想退货，运费125元，够再买一条了，还是算了吧。。。,,,
13730,基本没用，一点效果都没有。,,,
13744,就表面而言，已经生锈，所以对于质量不敢报以希望,,,
13749,用了一次后，有感染！,,,
13776,和超市里的不一样，超市里的是白瓶天蓝色膏状，这个是蓝瓶白色的。,,,
13794,声音太大了，不是振动的，是旋转的,,,
13818,说好的8GB怎么就只有7.3GB了,,,
13819,少了中间搁板的配件 都没法搁了,,,
13823,没感觉有变白，而且涮完牙，嘴唇都会有那个白色,,,
13836,"买过两次了,但是总有一两个墨水盒出现不能识别的情况.",,,
13839,不能确定是不是原装，有时候还有点杂音。,,,
13855,没什么特别的，线比较粗，不太习惯,,,
13914,以前用云南白药，最近都用舒适达,,,
13917,没用过两次，再想用的时候就一直显示POS,,,
13923,不知道什么是天然橡胶！,,,
13937,包装盒上写附送的卷笔刀和毛笔都没有送,,,
13940,对中国蚊子完全不起作用啊,,,
13943,英国设计；中国制造；这么重要的信息居然被忽略,,,
13956,不知道咋样，还没用。,,,
13978,用起来没没啥效果，一点没变白,,,
13981,太小了，比想象中小太多了。估计没有任何用处~！,,,
13993,给家里老人用的 ，东西和超市卖的没区别,,,
14001,一点用都没有！很怀疑前面那些评论是不是托！而且这是国产货，不要搞得跟进口一样好吗！,,,
14009,不是很透气 导致皮肤过敏,,,
14013,描述上说有2张DVD，送来拆开只有一张 而且还少了一首Physical,,,
14014,一直想买本他的书 因为之前看过他的演讲 这样的话 只有他才能说出来 大陆的我们是不敢说的,,,
14020,一把刀，还是一把刀.,,,
14030,买的时候就比国内小一码，结果到手后还是太大。,,,
14034,有屁用！还是别上当了，呵呵。。。,,,
14036,为央视315曝光品牌！建议大家不要购买！具体信息百度可见！,,,
14041,老公身高180，体重160。经常运动屁股翘，穿L有点紧。,,,
14045,只有一个灯太不方便了,,,
14064,有4包玩具，但是只有三本说明书，叫我怎么拼啊,,,
14098,包装和实体店的不一样啊。。。。,,,
14099,也就那样，哄孩子的玩意，made in China.,,,
14134,放了一天还是有味道，怎么把米放进去,,,
14135,！！！！！！！！！！千万别买，我是上当了，定型效果完全没有，喷一瓶都没用！！！！！！！！,,,
14156,就显得不可爱了。。。,,,
14166,骗人的、大家不要相信这种保健品、吃了没任何反应，,,,
14168,其可修……买完就降价了= =+++,,,
14184,放了三个在不同房间，一只小强也没有逮到。给朋友两个，也没有小强来光顾。不知道是没有小强呢还是没有效果呢？,,,
14198,打印大概600多页就没墨粉了,,,
14232,喂娃神器，强烈推荐！,,,
14257,对于十八个月大的娃娃来说，牙刷头有点大了，个人感觉毛也不够软,,,
14272,有点大，只能旅游的时候带着用。,,,
14277,刚收货，各方面都无问题就是来电铃声太小（已调到最高4才免强听到）啦！不知道是不是产品质量的问题？,,,
14283,狗狗吃是愿意吃，但是吃了1周好像没有效果，他还是吃自己的遍遍，〉《,,,
14284,我们家小胖根本睡不进去……换个大号的试试。,,,
14316,"朋友I的,不知道效果怎N,呵呵~~~`",,,
14323,儿子的学校要求用的，能画函数。,,,
14325,慢慢适应中，刚开始用着不习惯……,,,
14351,一个眼睛睁不开，每次都要用手拨一下,,,
14355,想象和现实相差太远。,,,
14367,千万不要买，最多五块钱的东西，悔死了,,,
14374,太小了。旁边鼠标垫都放不下,,,
14395,没有塑封，没有包装盒，谁能给出解释，第一次对货品产生怀疑，望释疑！,,,
14414,没一点效果，太曹操 3,,,
14425,为什么我的没有彩色环，我买了两个，怎么区分呢？,,,
14433,在网络上；驱动人生又很难装上；,,,
14444,不知道 应该有没有海绵啊 ， 我买的 没海绵啊 ！！,,,
14476,最近发现喝完被子里有絮状物，都不敢喝了,,,
14492,不一样的感受，建议大家看看。,,,
14513,无线连电脑mac air 的时候按那个b键完全不能静音只能让itunes出来而且不知道为何有时候会静音,,,
14517,充满电只能用一个小时。。。哭死,,,
14533,就会充气放气・・・・・・・・・・用完眼睛视力还下降了~~缓了半天才缓过来~~,,,
14534,连尺寸也不给，怎么买呀。也是醉了。,,,
14578,有点上当的感觉！万和就那样！   ！不拿客户当回事！！！！！哎！！！！,,,
14580,安装师傅告诉我半个月以后才能安 人都热死了 自己花500块另找的师傅安装,,,
14633,微软好多开发软件用不了,,,
14655,网络连不上，当玩具扔一旁,,,
14680,"宝贝收到送货太慢说的三天到后来五天才收到货,用了两天才来评价，基本上宝贝质量还可以就是下面橡胶圈质量太差了才用了两天就很大而且气压到一定位置压橡胶圈大了下面会有点漏气.货送来才一个橡胶圈圈别的厂家都会配送一个橡胶圈真希望厂家再配送个质量好的过来",,,
14694,味道很呛人&hellip;没什么想说的，根本不敢吃,,,
14712,不要买咯   朋友们   这车轮差得很   两天全部爆胎,,,
14772,连接，接口漏风，希望能重新设置,,,
14781,噪音太大，比原装的差得远，原装一套220,,,
14796,用了一个月多点就开始漏水，找不到售后服务电话,,,
14808,货没有到我手上来，，咋就收货了呢，，骗子,,,
14818,没有想像的那样，东西也太小了吧！,,,
14839,商家偷税漏税，发票也不给我,,,
14845,重点强调了我的手机型号，发过来的还是小那么一大截。贴上了也没办法取下来换了，唉，心得不提也罢。,,,
14894,大家请慎买这个店的东西,,,
14912,作用不大，不建议买。,,,
14933,首先，a地不是日本。其次，架子打_後非常的不，晃的害。第三，退提示出eo法退操作。,,,
14971,太小，眼镜布没有发。与图片有差距,,,
15000,平时穿36，这个买37还是小了，已退货。,,,
15017,灶台挡板收到货是就已经被折换，唉,,,
15021,完全是尼龙的，虽然价格便宜，但是大家还是慎买！！,,,
15023,到货镜片花了，选择了退货，没办法，要把关啊,,,
15032,多个可动部件孩子很感兴趣,,,
15043,国内尽出这种骗钱的书,,,
15047,耳机上面的皮质 味道特别大,,,
15125,网线连接没问题，无线总是断网，不知道是笔记本的原因还是路由的问题。。。,,,
15173,用完之后头发感觉干干的。,,,
15177,90后也算是跟着腾讯用着腾讯一起成长的一代，对腾讯的各种产品熟悉且很有感情。这本书非常让人热血沸腾，叙述了腾讯才创立到各个产品的出生到辉煌腾达的历史，多么希望自己也能跟上时代的浪潮成为改变中国人生活的人啊！,,,
15193,收到货之后，找了半天找不到生产日期，使用了好几天都没有效果，还有好多蚊子,,,
15196,书内容有点少 花样不够多,,,
15223,用了之后满脸豆豆，酒精味超浓 ，感觉直接就把酒精抹在脸上的感觉,,,
15226,每个不是独立包装，怎么开始偷工减料啊？3M闹哪样啊？,,,
15268,确实是纯天然，没味道。,,,
15274,满错了，本来要买眼霜的，买回来发现这个很稀的，还要配合眼霜使用,,,
15299,"买的16G,发的是8G,果断退货。",,,
15312,小的很，十分小。虽然有颜值,,,
15348,按扣一直掉，根本没法 使用,,,
15392,订货4瓶 今天收到只收到2瓶 并且瓶口也没有封口 不保真,,,
15395,看错尺码了，有点小。,,,
15396,不应该是每本书都有大海报的么，我都买这么好的了,,,
15406,发过来的一件与网站上的款式完全不一样，网站上是圆领海军蓝，发过来的居然是实物是V领土蓝色，色差的太大，完全是不同的另外一款，对此类行为果断退货，并退订了其他的产品,,,
15452,量少，瓶子给的错觉。,,,
15456,这是高温瑜珈，初级学员练有点难,,,
15464,但是附录错别字太多！,,,
15469,止鼾有作用，比以前好多了。但有些人可能不太适应这种枕头。,,,
15520,用的第二次那个第二号的碗盖子上的那个气门就松了,,,
15587,放在花园草地上，开始生锈啦,,,
15607,这本书确实很黑，但是阅读价值不大，典型的是为凑字的书,,,
15637,因缺少配件，反馈Amazon，被告知要直接联系供应商，电话联系后说是会第二天联系，过了一周也没有电话！再次沟通，说根本没有记录！售后的服务水平有待提高！,,,
15702,无法使用。无法存盘。电脑提示需要格式化才能使用，又提示写保护，无法进行。如同废物。,,,
15720,刚用的时候，用完后牙齿有一点涩，但是没什么影响。朋友们说牙齿变白了。,,,
15778,一个墨镜片。装到镜头上聚焦都变糊了。没用。,,,
15792,多按摩一会真的能洗出来，以前用那种贴的，感觉伤毛孔，这个是精油的，估计不会,,,
15796,图片是蓝色屏幕，买回来竟然是桔红色屏，有点生气，以后不来亚马逊了。,,,
15862,指示灯上全是灰尘，塑料壳上全是划痕，带子上还有污点。,,,
15922,太油再添八个字太油了,,,
15937,喷雾太小，声音还特别大，没啥用处,,,
15944,按摩力度小，没有多少作用,,,
15954,回来的时候，装电池的后盖卡头断了,,,
15974,都没有自动转换，怎么回事。,,,
15975,泡茶不知效果怎样！,,,
15981,买了的时候当天送，付了毛爷爷，七天送,,,
15988,买回来发现无法给手机充电，不知道是我手机的问题还是数据线的问题。,,,
15995,我这个号领不到优惠,,,
16001,下单22号收到30号，有点南极球滚往北极球的感觉！,,,
16002,双十一买的，结果今天一看就降*,,,
16005,一会就没电了,,,
16009,和门店一样！,,,
16010,"用了3个月了,几乎每天用,自己配了个不锈钢碗,还可蒸蛋糕",,,
16017,是软膜，不懂贴，弄坏了,,,
16018,个,,,
16019,一分钱一分货，大市场``就是这货,,,
16021,还没用，不知道好不好,,,
16024,就车别的什么都没有,,,
16027,已经投入使用,,,
16029,在哪里呀在哪里呀在哪里呀在哪里呀,,,
16030,没用几天就连不上了 练习客服让我自己去检测 <br/>,,,
16032,好像作用不大,,,
16034,抓不住蚊子，不能用,,,
16035,给老婆买的，用用试试看,,,
16043,没有口红，都是骗人的,,,
16050,字大 页多  有额外的书送,,,
16053,1798,,,
16059,...............................................,,,
16084,好好爱你冰晶哦魔琴名(⊙o⊙)哦哦,,,
16086,黑店不支持回购买回来的时候有客服交易成功了就没客服了黑店别买了买回来卖不出去他们不要谁买谁上当太黑了。。。。。。。。。。。。,,,
16089,少配件少配件少配件少配件,,,
16091,衣服有点太小了穿不了,,,
16092,到货的时候没注意，上面还缺个东西,,,
16094,哦,,,
16096,公司的年货哈,,,
16107,照射不是特别远，达不到300米,,,
16108,有一星就给一星,,,
16115,风罩不够密封，烟道的油烟经过油烟机反窜到厨房,,,
16131,啦,,,
16135,全部给这京东的送货速度，这就是京东服务质量得到的分数，请大家不要再相信京东直营,,,
16159,包装挤扁，水桶撞出3个大豆豆,,,
16164,没找到赠品鼠标垫,,,
16168,"zong ti hai ke yi, zhi shi cun zai zhi wen",,,
16169,用了两天就分成两半了,,,
16172,骗人的，吃了几天没效，也没吃了,,,
16173,第一香肠没送，这个不重要，主要袋子口撕开的时候你会发现塑料袋的胶都分开了一层,,,
16176,都没有收到,,,
16180,这灯留下最深刻的印象就是：灯是歪的,,,
16182,好好,,,
16190,突然发现展示页面是1899元 但居然收了我2099元，这是咋会事呀？,,,
16194,到现在都没有收到货,,,
16202,有装错的面膜！！！！！！！！,,,
16205,asdasdasdasdasdasdasdasdasd,,,
16208,辣鸡,,,
16214,测试过水质一样，对水质没过滤的。,,,
16216,这绝对是我最后一次买漫步者耳机，呵呵,,,
16217,没抓到蚊子，当灯用,,,
16219,里面有点杂质，碜牙齿,,,
16220, 买了2桶狗狗都不吃  不要买了,,,
16222,买了两盒，说实话，不怎么粘衣服。,,,
16223,*快递  一礼拜才到  呵呵,,,
16224,包装不到位 都撞花了,,,
16232,一分钱一分货，上面有雪花,,,
16240,衣服有点大了，早知买小号了,,,
16253,为什么没有指环支架？？？？？,,,
16267,对人的思想是一种净化。,,,
16274,这个只能烧干断电的功能还真是不科学G~~,,,
16275,尺码有点大，还是我太瘦了,,,
16289,就是不到32，才29还没用呢,,,
16290,。。。。。。。。。。。。。。。。。。，,,,
16302,说买两只送两只，结果没送,,,
16303,没有,,,
16317,还没开始用,,,
16321,老婆买的   不知道好不好,,,
16332,不知道，还没见过，给老妈买的，听她说没想象的大！,,,
16346,才用了几天，一个耳机已经没声音了，唉，，，,,,
16360,上面东西也能掉吗 还没穿过了,,,
16380,买给妈妈 不知道怎样，等我的水用完了也想买一瓶,,,
16385,大牌子绝对值还送一个备用海绵。,,,
16394,中通快递配送，直接放保安室然后发短信通知，打开包装就看到这个，自己看图吧,,,
16398,盖子盖上之后有一边缝隙特别大，有点漏水，焖烧杯啊什么鬼,,,
16403,看评论，小弟弟都没感觉了，这是要一晚上的节奏么,,,
16410,在家放了四天，打开了一个蚊子居然没有，可是身上一身的包包！！！,,,
16426,效果有待验证中，还没用呢,,,
16463,明明是一个男的表演的，干么画个美女,,,
16488,单人被有些小了，还是建议够买双人款,,,
16491,临床辨病，脉诊少不了,,,
16508,不明白为什么会成为畅销书，空洞，看了一半不知道表达的重点在哪？随弃,,,
16557,"确定这是给21世纪的人看的么,怎么还会有产妇能不能喝麦乳精这种问题,现在还有人喝麦乳精?",,,
16565,英国配方，中国制造！?,,,
16575,书是英文版的，本来是想要中文版的,,,
16576,这个商品根本就没有配送的书。,,,
16589,美白效果不大，酒精味浓。,,,
16631,为啥马上要到保质期的东西,,,
16632,秒的时候看到是芭比才下手的，结果到手是蜘蛛侠，虽然没仔细看说明，但才发现有这么多的关于颜色的意见，商家为什么不改进呢,,,
16633,和钻石刷头比还是有点差距，不过价格低些。,,,
16634,泡的茶香气四溢，有桃子味道,,,
16646,260厘米的鞋我穿都不小的，结果这个265我穿都小了,,,
16654,LEGO的东西一定好，但是看到秒杀价是148，给4星,,,
16660,红色的到我手上成酒红色的，晕,,,
16662,就几招健身的招式而已，哪里是武功,,,
16679,只使用了1个多月，就不知道为什么锁盘了，无法使用~,,,
16680,少了一支，断了一支……想想网购，也只好作罢。,,,
16687,不过不敢给它吃多了，貌似每次吃了便便都有点软,,,
16696,用了两个月，起了好多球,,,
16704,用在霸王兔投影机上行吗,,,
16711,感觉尺寸要比茶色，黑色的要小，背面底部刻字有ＪＡＰＡＮ字样。,,,
16719,价格虚，目前是这样。,,,
16722,表示我买的这打火机打不了火。,,,
16772,吃了晚上睡不着 完全睡不着,,,
16774,因装不上没用上，为字数,,,
16780,外包转西撇 有点晚歪的感觉,,,
16800,和每次购买的储奶袋完全不一样，味道非常大，非常大，非常大！,,,
16818,效果如何等待实践了~,,,
16829,一直在用这个牌子，不知道买了多少了,,,
16857,不过书里面的AE软件是英文版的......DVD里面有视频素材也有AEP文件~~~,,,
16871,不知道什么原因，发了两个过来，两个都没有拖把杆，我还是跟快递一起拆的包，都没有找到。退货了。,,,
16874,不如宜家的，窄的很。,,,
16903,都不知道丢那里去了，没用,,,
16914,不到半个小时就咬破了,,,
16918,一群猪脑子，3个多G的WAV，你还不亚成MP3?给了本书，就应该给配套的碟，并且给出下载地址。,,,
16952,终于收到了等了一个星期，但是居然盖着电池那块东西是没有的，望补全。。,,,
16956,压力杆已经不能用 压不出来,,,
16979,老婆不爱用！我也不知道怎么评价了,,,
16980,此表带的表扣与图片有较大差异,,,
16985,上册的封面印得有些歪斜 书的纸张也有点参差 摸起来也很粗 算了 勉强看看吧,,,
17029,看着细，效果真心好啊,,,
17047,完全不灭蚊，插在卧室一晚上到天亮，蚊子活蹦乱跳，腿上被咬几个大包，直到早上起床蚊子都还在耳边嗡嗡作响的,,,
17053,洗洁精压不出来是为什么？,,,
17054,家里猫咪一直吃这个粮和K36混搭，,,,
17057,太多了，我一光棍不知道要用到什么时候。,,,
17061,戴上还是会从鼻梁边上漏光,,,
17077,没有使用价值，也没有可参考的价值。,,,
17078,用处不大，太玩具化了,,,
17106,Heal Force力康指夹式脉搏血氧饱和度仪POD-1 血氧仪|脉氧仪(医)(自动开关机，遮光抗干扰，多种显示界面),,,
17111,不能自己设置关闭键盘灯，关了灯就等于关了键盘，合上键盘盖，surface不能自动进入睡眠状态。,,,
17123,上锈了的车灯，还放在刹车片一起还没有保护！哦！ 哎！什么难道还不够,,,
17128,"对蚊子没影响,对我的好脾气大有影响的，气死我也",,,
17131,用了2个月，牙齿上还是出现小洞洞了,,,
17144,一只绿色没有写任何东西，包括色号。铅笔纸盒是拆开的。,,,
17150,用了半个月 没什么效果,,,
17152,刷毛很软，但是也有一个问题，不禁用，小孩子基本上2个月就要换一把,,,
17154,怎么用了才几天，就开始跳屏了，屏幕一闪一闪的,,,
17159,不是按照原有的章节分，而是内容汇总了一会重新分了类，结果大量重复的内容集中在一起，有点看不下去……,,,
17162,封皮有折痕，想旧书。,,,
17163,送人的，我没有拆封，但是拿在手上里面很幌，铅笔没有装满,,,
17165,怎么只有只有过滤片，没有口罩啊。。。,,,
17181,书中的内容只是几个help文档里面的例子！！！,,,
17189,一支笔写出浓浓母子情，一本书使人为之动容。,,,
17191,用来擦桌子的，还有油烟机！,,,
17202,放在家里吃灰了！各位看着办吧！,,,
17206,没啥用~~~~闲置了~~~,,,
17220,没有配置的，怎么流量控制,,,
17225,明明写的是细轴的 图片也是细轴等我 发货过来是粗的 唉 只能留着大人用了 重新买过,,,
17239,与LYNX凌仕男士套装（凌仕冰击沐浴露600ml+凌仕契合沐浴露250ml*2+凌仕诱因抑汗香氛12ml*2瓶）一起购买，75元。感觉包装做工没有以前精装，,,,
17244,很发热~而且总是读不到,,,
17247,一整本书都是英文，一个中文都找不到。提高英语水平应该行吧。,,,
17250,一打开就立刻关闭，完全用不了,,,
17259,review AVP test,,,
17263,盖子拉开了怎么装上去，,,,
17289,描写父亲的细节并不多，不过是些琐事，没什么意思,,,
17298,@款城野t生的Q白Q斑精A377VC，塑料瓶b，白色油性膏睿日本u造。目前已使用三星期，]有任何效果，根本就不祛斑。I了善浚浪MMONEY，挺F的|西，有些抗人啊。,,,
17306,刚收到货，结果是2015年生产的，虽然到2018才到期，总觉得平台发货都是压仓库的…,,,
17308,为什么没有找到生产日期？在哪里？,,,
17309,很难取出来。上面有凹凸。,,,
17316,忽然发现一次性买了8两牙膏！,,,
17317,插上几乎只管半小时，然后蚊子就在蚊香片上面飞，屁事没有！,,,
17328,可能是小强太多了吧，在客厅放了两个，厨房两个；一晚上，客厅有一个沾了大几十只，另外三个也有一二十只。,,,
17347,价格比较便议，一共有三瓶，但是没有什么效果,,,
17359,书内部有几页印斜了，怎么会这样,,,
17379,东西没有以前买的劲用，国产化了？,,,
17395,这个有塑封，不知道同一家的产品怎么有的有塑封，有的没有？刚开始用，期待效果。,,,
17416,书讲的东西太表面了，没有实战性---------,,,
17451,不是日本的，上海生产的,,,
17454,4号板子送来就是断的，亚马逊要给我换掉呀。今天装的时候才发现,,,
17467,说明里面说配送卷笔刀 没有配送 包装一个也掉出来了,,,
17481,太扎了，简直不能忍！！！,,,
17503,"S/M怎么选？没有尺寸对照，不到50Kg,158cm",,,
17507,实物与图片不服，并且书上找不到定价，涉嫌价格欺诈！,,,
17515,外包装赫然贴着商品名字，我也是醉了。以后不会再买了,,,
17520,不知道时候为心理作用有点消炎的效果,,,
17525,点钞机到现在还在用，东西没有什么问题。,,,
17530,虽是全棉防绒面料，唏哩哗啦的响声太大了。不知如何消音。,,,
17542,没什么用处，一直放在车里面，还有大半瓶，准备扔掉了,,,
17550,衣服太大不能穿，跟商品的尺码表说的不一样,,,
17565,买个他们的货，连磨具都没有，还说买三瓶才有，没有磨具叫卖家在地上做吗,,,
17570,卡得要死，用了一个星期就用不了了，千万不要买,,,
17572,2015年2月17点55分，一架司马X11四轴直升机与管制中心失去联系的，该飞机航班号为MH169，已经启动救援和联络机制寻找该飞机，到发布司马X11消息为止，未发现行踪。初步判断为控制系统所致，超过一定距离无法指令返航。让我们一起为司马X11祈祷》》》》》,,,
17587,没什么效果。,,,
17591,还没用。下周试试再来评论,,,
17593,用了二盒不见效果,,,
17602,。。。。。。。。。。,,,
17603,吗的～没一点用～～,,,
17604,声音有点小，耳机大了点,,,
17610,拆开后发现开线了，有个小口子,,,
17611,不如宣传那么好坏了二个,,,
17619,都没收到货就显示已完成，有种上当受骗的感觉！,,,
17621,妈蛋，看见有赠品下单买了，结果到了没有，去问客服，才发现写的赠完即止哦。f＊u＊c＊k＊J＊D,,,
17624,艾利和的人说这玩意*。。。。,,,
17635,沃尔玛超市二十五一瓶，京东翻一倍价格。,,,
17642,东西已经收到了。打开试了下还有香味。还没用过,,,
17645,书的印刷不太能接受，不知是不是都是这样，字太粗了,,,
17650,哈哈哈哈哈哈哈,,,
17651,/微笑/微笑,,,
17662,绿色没货换了个黄色是没开口的 懒得换就这样吧,,,
17663,差差差差差差差差差差,,,
17673,声音大屏幕小,,,
17694,没收到此货，无法评价，骗人的吧,,,
17701,听收音和mp3时，不能接听电话，mp3不能自动循环播放，语音提示是英语的，听不懂，没有关机提示,,,
17717,没有剪刀,,,
17721,货都没有收到、为什么让我评价,,,
17723,两方都百兆光纤宽带的情况下都经常连接不上，显示网络连接超时。,,,
17730,我买完就降价了,,,
17732,刚到，未试，不知效果如何？,,,
17744,一个星期就项了??,,,
17747,说的是赠品，但根本就没送,,,
17752,用了不到一个月注册的账号就进不去了客服说软件开发问题正在处理呢！不知道什么时候能处理完,,,
17755,看分不想说太多。。。。。,,,
17760,送别人的，听说拿回去就不能用。,,,
17770,料不和图一样,,,
17778,没有下次～买的时候洗发水*,,,
17783,物品味道太大,,,
17796,骗人的什么配套都没有,,,
17814,都是小样，还没有使用呢，效果待定！,,,
17831,和发的货根本不一样,,,
17839,还没我用不晓得效果怎么样,,,
17845,还没拆包装,,,
17851,给家人买的，正在体验中。。。。但相信还是有效果的，继续服用。,,,
17853,一星都不想给。买来充了一下越充越少。立马扔了。,,,
17856,评分4,,,
17870,千万别买，上当了,,,
17871,以前16.8一包，现在赶上活动才16.8,,,
17875,没有发票，还是帮别人买的,,,
17883,上面少了一个零件,,,
17884,好好好好,,,
17902,没收到这个产品,,,
17908,刚通电 感觉面板就糊了， 应该加个60块买触屏的,,,
17922,好好好好好好 好好好好好好,,,
17923,暂时还没效果,,,
17927,帮别人买的自己也不知道,,,
17952,买来喂女朋友家附近的流浪猫，但是分手了，没机会喂了。,,,
18020,价格便宜，有一个包装有破损，退货了。,,,
18028,哺乳期一直在吃，希望能给宝宝补钙,,,
18042,这是第三次购买，但却第三次发现装口琴的塑料盒是损坏的，因此，就不得不第三次退货了。具体情况请看我拍的照片。,,,
18048,机器的声音让我想起乡下灌溉田地那种抽水机?，远远都能感觉到它的震感，开个两分钟自动关机，也没有雾喷出来。,,,
18052,袜子不跟脚，走着走着就走掉了。,,,
18065,居然没有电源线插头？！,,,
18078,应该多一点习题练习，而不仅仅是阅读文章分析,,,
18080,视频满足需要 但是麦的声音太小 没用了,,,
18081,之前用的一直是传统的蚊香，买了这个后换用了，没点蚊香，在不到20平米的空间范围内用，然后我半夜被蚊子叮醒了！,,,
18088,基本闻不到檀香，但标明是檀香。,,,
18092,结果是转手丢进垃圾桶。,,,
18106,想要的是有解析的那种，可是没有,,,
18109,无泡洗面奶，感觉滑溜溜的。但味道比较特殊，并不是所有人都能接受，我已换他们家膏状洗面奶了。,,,
18112,枕头里面的填充物 摸上去感觉是有树枝在里面 声音大 最后还是退货了,,,
18116,用了两次，用水洗了，然后就不能用了。,,,
18121,这电热蚊香片没效果。,,,
18125,买的第一天就丢了・ 我他妈的还要不要再买一个呢・,,,
18136,我原来买的和这个味道不一样，这个是一股的香精味,,,
18138,小孩发热39度都到了，测出来还是37.说是测量方法么也不至于这么多,,,
18140,实话实说 没用过这个款 但是用过 Burberry “接触”　ＳＯＧＯ买的　还用过ＣＫ　和　兰寇的都是ＳＯＧＯ买的　对 Burberry博柏利周末男士香水30ML这款香水最大的疑问就是　留香时间　太短　是我目前用过的留香时间最短的　　　,,,
18160,虽然是从日本寄来的，但还是made in china，呵呵。,,,
18168,谁知道码数太大了 衣服的又太小了 哎 白期待这么久,,,
18170,就 是里面总会剩一点点倒不出来。,,,
18182,万事开头难，写作也是。小说开头有四项重要功用：呈现小说中的世界，奠定小说的调性，说服读者继续读中段，介绍对手出场。开个好头，故事就能勾住读者的注意力。,,,
18185,不断前行。人生就是，这样。,,,
18195,不需多说！学人文社科的必读书目,,,
18214,有苦味儿呀，不知为啥,,,
18215,买的是M码，寄过来是L码，而且用了6天才收到,,,
18217,3M 9001V 6只装，包装袋没有密封，里面有根头发，且无图中的防伪标签，以后不在亚马逊购买了，正打算投诉,,,
18218,总来回晃，上面放不了重物,,,
18224,首先，有些零件甚至没有装上，是我自己用胶条贴上的。 其次，桌子太窄。,,,
18236,我就是看了说有鞋垫才买的，哪有？,,,
18242,也许是我不会欣赏这种乌龙，只觉得很涩，没有回甘，没有回甘，没有回甘！,,,
18250,南方冬天的话，12小时就变冷，不保温,,,
18283,感觉用处不大...买多了 和别的毛巾没啥区别啊,,,
18298,给儿子买来玩的，就是个玩具,,,
18300,收到货后，第三天用一下，根本起不到延时作用，反而早泄了 我要退货！！ 还不能退货 整个就是骗子,,,
18332,小爪太细了，还没有宝宝手指粗呢，观察了好几次，没吃多久就干呕。不知道别的宝宝会不会,,,
18334,下单时是带枕套的，今天再次打开订单，变成没有枕套的了。枕套上是中英文夹杂在一起的，打开枕套开了下，里面的乳胶芯两边都是黄色的，而且有一点异味，不打算用了，坚持退货。,,,
18345,不知道为啥收到的只有碟片，没有书籍！,,,
18346,贴了六个下楼 还是咬了四五个包 感觉没什么用,,,
18360,凑单买的，用着掉毛，拍拍就散，擦一擦就掉毛…,,,
18362,少了一种螺丝，应该找谁要？客服给个回话,,,
18367,勉强可用，应急用用。,,,
18368,为什么安装之后插电没任何反应,,,
18370,两张碟都是空碟。千真万确，我在两台电脑上试了。弹出的是刻录的对话框。,,,
18375,实在是太小了，得捏着用，手掌完全没有支撑，再用两天，还是适应不了就退货,,,
18409,只折了两折，折不回原来那样了。,,,
18410,寄来只有一个枕头我该去找谁,,,
18435,别买，你不会想要的。,,,
18464,居然没有墨盒！！！！希望尽快答复是怎么回事？,,,
18484,看评论说是风油精的味道，卖买回来使用 ，还是黑人的味道，我还以为能刷出什么水果的味道呢。水军太多，影响判断啊。,,,
18494,膏体上有蹭过的痕迹！,,,
18503,一点效果都没有，一样是很水的感觉，完全没有什么造型可言,,,
18531,安装说明都没有，叫我怎么装！,,,
18533,和预期的一样！有思想准备，所以不想说什么了,,,
18536,豆浆机不能自动关机，希望客服看到后尽快与我联系，因为我找不到你们的客服,,,
18541,This book is really fantastic!!!I love Harry so much!!,,,
18588,如题，以前买过，质感很软，刚收到的感觉不一样,,,
18594,"还没用,不知道效果.",,,
18608,U盘抽拉式可防水也可防尘！性能稳定的！,,,
18618,不是我需要的这个东西,,,
18620,用了没感觉，没觉得有改善,,,
18626,不如那本外国人写的邓小平传,,,
18629,噪音较大，牙缝里刷不到，得另外用牙线,,,
18642,第一次买没什么经验，下次就会好了吧！,,,
18647,为考笔译三级买的，比较全,,,
18660,自己查看了 有荧光剂。,,,
18663,不某霭孢^的刊中摘抄，承源流，自己的功照楹尾桓矣镁褪亲C明,,,
18674,说什么续航100天，说的是待机时间么？一个星期不到就要充电。,,,
18679,一大盒，牙膏屯的太多了,,,
18706,貌似用水抹过并不能变成宣传的那种水彩画的效果,,,
18717,无论是包装还是药瓶居然都没有密封，这可是个人卫生用品阿！坚决退货,,,
18719,准备宝宝的尿片子，要每天洗当然要囤货,,,
18723,史乱，无可奈何 文法也跟着乱，就不该了,,,
18739,基本上没办法吸引蟑螂,,,
18748,颜色要比火锅店黑一些。火锅店好像不是鱼肉做的，,,,
18752,书本的包装都是破损的，都是好像用过的一样，亚马逊啊！！！拜托注意一下包装好吗？,,,
18753,不知道怎么看生产日期,,,
18763,尺寸比预期的小太多！退了。,,,
18791,"边上穿着穿着就卷起来,勒蛋蛋.",,,
18799,还没10块钱的透气，25℃左右刚带上去就捂出汗来了，戴了没两分钟就给拿下来了。,,,
18811,用了不到一个月，底下的电机插座就进水了，是榨果汁的时候，装进的水往外漏，不是洗的时候进去的水。,,,
18815,没有塑料味道，就是几个盒子的盖子盖不上！不知道怎么意思,,,
18819,味道超级大！！这是给孩子防雾霾还是把孩子熏晕？,,,
18848,上面说的8帖*3盒・・但是收到只有4帖*3盒・・亚马逊・・・・・・・？,,,
18867,化学气味大，猫不肯用,,,
18873,只能说一份价钱一份货,,,
18876,之前有好多问题想不通，读了这本书以后都想明白了,,,
18887,不知道好坏，反正能点，语音大声！尼玛在这交易额成千上万的地方周围都听到了我在点几百块。。。,,,
18889,收到了，系y自己下的危不喜g,,,
18902,味道质地和正品完全不一样，而且打开就不给退货，简直骗子一样的,,,
18920,内容无非就是那种成功类型的书,,,
18937,个人觉得没有买的必要。,,,
18942,上课用的课本，一直都在用,,,
18944,内存不足16，连15都没有，真搞不懂，偷工减料到这种程度了。,,,
18961,不粘,,,
18963,东西有人用过，和图片上的不一.样，我买的闪充这个也不是闪充。,,,
18975,感觉和图片差距较大,,,
18995,看的别人说水杯漏水，我以为只是个例，照样毫不犹豫的买了，收到之后发现真的漏水、漏水、漏水,,,
19001,用起来感觉跟红鸟齐伟一个样。没有什么特别的优势啊。,,,
19012,写的中规中距，不是很吸引人。,,,
19031,没看到在哪里,,,
19034,0-3个月的裤子不是开裆裤,,,
19035,还没有用，买个老妈的！,,,
19036,没收到货怎么已答签收啊,,,
19043,赠品，不作评价,,,
19047,用完以后  我以前用完都不会这样,,,
19048,！！！！！！！！！！！！！！！,,,
19049,暂时还没安装，用后再做评价,,,
19052,水壶有一道划痕，影响心情了，给一分,,,
19053,8one咯嗯呢恶魔巫师啊啊啊吧,,,
19057,骗我 说有货 等了两天，才给我发过来,,,
19070,是但还会议论纷纷不对吧_那么么的货运城北区内内内内蒙面板寸查找她还想着玩下去买个没法规约她家有吗了我们了呢,,,
19074,再次贴不粘了,,,
19079,普锐斯1.8用不了，骗纸。,,,
19081,物品像翻新的一样,,,
19082,这个钱包是我八号买的，一直到在我催促的情况下十一号发的货，昨天才到，这我是购物以来，最最最生气的一次,,,
19085,送朋友,,,
19094,啊,,,
19095,你们返的三百在哪儿呢？？？？？,,,
19096,图书、音像商品评价积分规则调整啦！对10元以上商品发表大于500字心得的评价才可获得奖励。,,,
19105,质量太粗造了，旁门特别难打开，铁丝多处被碰歪了，还的自己拿钳子修整。,,,
19106,在一个比较紧的usb口上用了一次，接口处散了......,,,
19110,不能播放rmvb，可是介绍中说能！上当了！,,,
19115,有电流声,,,
19117,Bosch lam is always my 1st choice. ,,,
19131,没用过，送的,,,
19140,买了三件衣服，其中一件有破洞&hellip; 这质量&hellip;,,,
19149,情人节都过了才收到，南宁到柳州一两个小时的路程发了四天，还顺丰，走路都送到了，现在要有个卵用，哪个吃巧克力还要配着花吃,,,
19150,商品不像纯棉的,,,
19151,40倍放大倍数简直是骗人的，实际放大4倍估计都没有，千万别买,,,
19154,这张钢化玻璃膜一个孔，不是原装的！,,,
19155,刚用一下，右边按键没有反应。充电器没有，只是配了一根线，已退货。,,,
19156,这个还没到，我点错了，掉到以收,,,
19157,倾斜度再斜些就更,,,
19161,过了一个月了，还没有穿，有点小,,,
19166,一棵心都不想给,,,
19169,退款，没收到货，买了一礼拜也没到，评价完了还没到,,,
19173,给父母买的，直接邮回老家了。,,,
19176,刚买完就降价，京东价格比股市都瞬息万变！！！,,,
19177,东西送到了，但这...,,,
19180,太值了,,,
19185,充不热,,,
19188,0201焊不了</br>,,,
19193,呵呵呵呵呵呵呵呵呵呵&rarr;_&rarr;,,,
19194,买回来WIFI用不了，这也就算了。保修给师傅，过了一个多星期了，还没有上门维修，不上门也就算了，电话也不打来说一声。以后也上京东买TCL的东西了*,,,
19196,这什么东东啊？这种东西不想说得,,,
19213,买的时候看着是四口味，怎么到我这就两种口味了，卖不出去的都给我了吧,,,
19218,记得明明买的是6s的谁知送过来的是plus的不能用啊,,,
19223,66,,,
19230,。。。。。。。。。。。,,,
19242,根本就不是不锈钢的,,,
19252,就压根不知道怎么用，连个说明书都没有。真有点不明白,,,
19261,就这个价格了~,,,
19269,想说一个字。,,,
19272,我买了2张32G的卡，装在摄像机上显示29.5G，格化后显示22.5G能告诉我是为什么吗？,,,
19286,噪音太大。。。。,,,
19297,我都不想给星星,,,
19298,一分价钱谢恩过！,,,
19301,买来就不能用，等了5天说18号升级完成，可是还是不能用，正考虑是否退货呢？,,,
19305,等用过在来追加评论,,,
19320,囤货,,,
19322,喽,,,
19323,还没有使用，拖刷只有一个大的，没有看见小。（请选择低分，原因拖刷只有一个大的，没有看见小。）,,,
19327,11111111111,,,
19328,东西买回来好像赠品一样。特别小,,,
19331,送的产品，还没有用！！,,,
19335,"Ky aa , and the other",,,
19337,0                                 0,,,
19340,基本没用,,,
19349,还没安装上去呢，等待安装的师傅到来。。。。。,,,
19355,没有有效果，骗人产品！,,,
19357,卖家诚信　　产品质量不好评价　　用了两次就没反应了　　声音太大　虽然给我换货了　但我到现还没用　有点扰民,,,
19359,风扇好个它,,,
19385,那个售后我都想揍他了,,,
19401,这个送的太抓了 送的也没办法,,,
19406,合用,,,
19407,我手机充两次就没电了，10000毫安骗人的吧,,,
19409,钱都让包装赚了吧。   。。,,,
19414,买两样东西就收到一样，什么人,,,
19416,没有的东西。,,,
19424,这个怎么充电嘛,,,
19425,一分钱一分货,,,
19430,Puritan's Pride 普丽普莱 超浓缩大豆卵磷脂软胶囊 1200mg*250粒...商品信息有 中文，收到商品却都是英文，没有生产日期和保质期。不敢吃。客服呢说找经理处理，后来就找不到客服了。看来只有扔了。这是不是欺诈行为？？？？？？？？,,,
19431,原来用的面霜用完了，只好临时买了这款――啊 没多久，久违的一脸油又出现了。,,,
19436,为什么实际购买价格高于网页显示的价格？在KINDLE里下单显示4.2元，付完款在电脑上购买的书籍价格却为2.5元。这是为什么？？？,,,
19443,1个月，就开不了机了,,,
19455,的确是两张空盘！！！！！！！,,,
19463,密封不是太好，会漏水，把手不知是什么材质，会生锈。,,,
19466,这明明就是有硅油啊！买回来才发现！为什么标题是无硅油？,,,
19479,扫帚实在太小了，大家看清楚尺寸再买，这样扫房间得累死啊。,,,
19489,用这个产品有两年多了，以前在考拉买的老妈吃了就不腿疼了，吃完以前买的近几天才开始吃你家买的，腿疼又开始了。 另外；香港发货的商家客服电话是0371.这是郑州区号，亚马孙要好好把关一下。,,,
19498,有味！有味！有味！我要想闻味儿戴口罩干嘛？,,,
19505,针，不是进口的，是江苏产的,,,
19527,以前一直用舒克，现在用小狮王，满减活动囤货ing,,,
19539,倒不是我挑刺。。。。真的有点影响阅读~,,,
19542,行_竟是3m_O工比绕放坪_吸水性比不上微力__z棉拖是微力_。,,,
19565,不知道是工作人员还是无意，到货时包装已经拆开！,,,
19568,14嫉牡缒远挤挪幌拢还说15迹,,,
19576,以为就是官网上前面带扣的，结果不是。所以妈妈们买的时候要仔细看哦。应该是老款。,,,
19585,为啥买了两本书，只收到一本，订单显示已签收。我买的是套装，为啥只有一本，现在还没人理,,,
19590,用了三个月。就不能充电了,,,
19594,工作2小时，旋转会发出声音。,,,
19598,吃了跟没有吃一个养，，就开始两天还感觉有眼屎，,,,
19599,还没用、为什么连个外包装盒都没有的,,,
19604,有售后管吗？个螺帽，木头就开裂，还怎么办？,,,
19612,没有产品所说的柠檬味，只有一股洗衣皂的味道。,,,
19627,猫粮油大，已经有黑下巴了……,,,
19629,不是盾牌啊...是我理解出F了偏差是le了???!!!,,,
19645,都散了，还弄丢了一个绿・色的。,,,
19652,"1.玻璃不是有机玻璃,有摔坏风险. 2.并没有赠送卡纸 3.没有赠送隐形墙钉",,,
19656,书中前半部分总结了java基础知识以及易错点，后半部分是数据结构与算法。自己注重看了基础知识部分，发现有些地方与java编程理想所讲内容有所出入。后半部分海量数据可参考july的博客，算法参考剑指offer，故未看。既然是面试笔试宝典，希望下一版增加计算机网络和操作系统的总结！,,,
19659,新买的使用加起来不超过15次，时间不超过两小时电池就没电了，还有那太阳能是什么情况啊,,,
19669,当摆件用了，活泼可爱,,,
19693,介绍的是密封包装而到货的实际包装和小摊贩卖的一样,,,
19700,个人以为，这本书没什么实际可读的意义。,,,
19724,连个盒子都没有，就用塑料袋装，鞋子上有五个地方有像霉点样儿油漆擦不掉，最大的问题是鞋上还有一处豁口，发货的人难道不检查吗？,,,
19727,说明书都是外文不是很懂，用过此类商品的应该会用吧,,,
19729,反光强烈，就像没有镀膜一样。,,,
19734,@a品好用是好用、不^一次I5支用不完啊、每商品都有一支b的售u、不然很麻┑,,,
19763,好不容易赶上了这次活动，终于把自己一直想买的梳子买的了。,,,
19764,收到的杯子一个 不锈钢的底部有水渗进去了 总是哗啦啦的有水声音 并且无法控出来 另外一个有印痕 清洗不掉 不知道什么情况,,,
19774,刚买不到一个月椅子座就开始向下倾斜，现在已经塌下来了,,,
19777,两周了还有异味，要不是包装盒找不到了早就退货了,,,
19788,太紧了，不知道怎么用了,,,
19789,下单田园风，收到青花瓷,,,
19817,这款润唇膏含矿油成分，懒得退了。,,,
19818,还混入了许多别的故事。在包装盒背面的左下角有这样几个小字“报版名称：睡前故事”。 只能怪自己买之前没有仔细看目录了。在中国当一个消费者真难，一不小心就会上当。,,,
19827,保质期到8月份，都没告知。,,,
19837,昨天I52今天就47，@也太。。。。。。mf]多少X，但是也不能@影。而且生a日期是4月份的。,,,
19859,密封不严 密封锁扣不住,,,
19864,玻璃有黑色杂质。 第三方配送。无牌（商标）无证（合格证）。,,,
19867,用了好几个礼拜了 没看出什么效果,,,
19869,伞用一段时间就掉色了。,,,
19871,报纸披露德芙巧克力含对人体有害的矿物油,,,
19878,埃及产的，质量不如东南亚的。175cm，80kg，L码大。勉强能穿。,,,
19884,就用了一次，拖盘头就断了，找售后都找不到，还质保一年？？？？,,,
19888,主要是用来备查和学习,,,
19902,用着还成，以前也没买过咖啡机，性价比不敢评价！,,,
19926,以为是去疤的，就只是个胶带！,,,
19930,没有在两分钟的时候自动停止，能不能给个解释。,,,
19933,用时会打到嘴振动弧度太大了。刷头怎么是最传统的啊？还以为是交叉刷头呢。,,,
19936,收到的琴跟包装都是分开的，开关也是开着的，扎带都剪开了。没有大毛病就留下了。海外购都是把退货发到中国来吧，第二次了……,,,
19942,送来都没包装的，那个系绳字的都没了。,,,
19963,烧开的水，过了24小时后，只有40-50度了。,,,
19966,瓶子里有水，而且感觉柜子里没有潮乎乎的味道。,,,
19969,挂阳台上，不锈钢材质不怕晒。,,,
19984,穿了去打?！得分率提高一倍以上！帅呆了！,,,
19992,一直都在用，但改进感觉不到。,,,
19994,产品介绍是产地韩国，外包装上明明白白写的中国制造！！,,,
